ax,ay,az,gx,gy,gz,tremor
6940.0,-11828.0,-10900.0,-698.0,-301.0,881.0,0.0
6672.0,-12112.0,-10916.0,-324.0,831.0,182.0,0.0
6916.0,-12240.0,-10692.0,-316.0,326.0,-83.0,0.0
6720.0,-12208.0,-10976.0,-445.0,-130.0,429.0,0.0
6820.0,-12044.0,-10992.0,-416.0,-318.0,344.0,0.0
6884.0,-11992.0,-10892.0,-484.0,-380.0,587.0,0.0
6820.0,-12308.0,-10868.0,-635.0,-190.0,158.0,0.0
6752.0,-12132.0,-11036.0,-1078.0,-529.0,-161.0,0.0
6600.0,-11860.0,-11276.0,-1147.0,-471.0,-258.0,0.0
6628.0,-11828.0,-11176.0,-539.0,-565.0,87.0,0.0
6620.0,-11944.0,-11588.0,-786.0,-671.0,64.0,0.0
6452.0,-11728.0,-11432.0,-412.0,-464.0,-110.0,0.0
6300.0,-11788.0,-11328.0,-675.0,-326.0,-88.0,0.0
6548.0,-11728.0,-11584.0,-992.0,-208.0,-284.0,0.0
6672.0,-11628.0,-11568.0,-738.0,-433.0,-1.0,0.0
6356.0,-12244.0,-10992.0,-905.0,-470.0,-56.0,0.0
6548.0,-12052.0,-11936.0,-631.0,99.0,-307.0,0.0
6728.0,-11488.0,-12024.0,-203.0,-98.0,-206.0,0.0
6496.0,-11464.0,-11900.0,-373.0,-245.0,212.0,0.0
6404.0,-11668.0,-11744.0,-186.0,-405.0,42.0,0.0
6536.0,-11376.0,-11788.0,132.0,-361.0,-202.0,0.0
6352.0,-11360.0,-11872.0,314.0,-300.0,-9.0,0.0
6548.0,-11956.0,-11684.0,342.0,-88.0,56.0,0.0
6600.0,-12076.0,-11616.0,74.0,-195.0,-172.0,0.0
6464.0,-11468.0,-11600.0,-86.0,-85.0,-341.0,0.0
6580.0,-11584.0,-11696.0,-26.0,-151.0,-278.0,0.0
6504.0,-11556.0,-11584.0,57.0,-59.0,-148.0,0.0
6460.0,-11684.0,-11600.0,54.0,-101.0,-130.0,0.0
6588.0,-11720.0,-11556.0,-95.0,-14.0,-385.0,0.0
6536.0,-11520.0,-11656.0,23.0,123.0,-353.0,0.0
6676.0,-11704.0,-11700.0,116.0,102.0,-225.0,0.0
6656.0,-11700.0,-11512.0,-31.0,34.0,-201.0,0.0
6692.0,-11576.0,-11676.0,21.0,32.0,-102.0,0.0
6724.0,-11740.0,-11504.0,7.0,31.0,-152.0,0.0
6620.0,-11728.0,-11564.0,99.0,43.0,-55.0,0.0
6616.0,-11616.0,-11544.0,-209.0,-106.0,41.0,0.0
6436.0,-11724.0,-11368.0,-99.0,-213.0,221.0,0.0
6780.0,-11816.0,-11572.0,-77.0,-78.0,129.0,0.0
6816.0,-11552.0,-11424.0,-230.0,-15.0,246.0,0.0
6636.0,-12088.0,-11416.0,-86.0,-131.0,210.0,0.0
6596.0,-11856.0,-11352.0,-276.0,-246.0,11.0,0.0
6680.0,-11624.0,-11656.0,-397.0,-195.0,-108.0,0.0
6548.0,-11672.0,-11444.0,-484.0,-193.0,445.0,0.0
5860.0,-11444.0,-11780.0,-4872.0,-865.0,541.0,0.0
6336.0,-11768.0,-11816.0,1581.0,-237.0,637.0,0.0
6512.0,-11744.0,-11396.0,109.0,-171.0,310.0,0.0
6412.0,-12244.0,-11692.0,578.0,-413.0,252.0,0.0
6716.0,-11792.0,-11684.0,-16.0,-122.0,-111.0,0.0
6724.0,-11668.0,-11424.0,-52.0,-54.0,-27.0,0.0
6592.0,-12108.0,-11756.0,-254.0,-153.0,-232.0,0.0
6532.0,-11756.0,-11632.0,-210.0,-198.0,-230.0,0.0
6284.0,-11632.0,-11696.0,-364.0,-298.0,18.0,0.0
6252.0,-11808.0,-11724.0,-269.0,-260.0,113.0,0.0
6316.0,-11568.0,-11624.0,-166.0,-333.0,292.0,0.0
6288.0,-12068.0,-11648.0,-372.0,-237.0,209.0,0.0
6280.0,-11684.0,-11728.0,-488.0,-499.0,68.0,0.0
6280.0,-11576.0,-11660.0,-132.0,-364.0,205.0,0.0
6312.0,-11788.0,-11788.0,-313.0,-402.0,310.0,0.0
6384.0,-11812.0,-11796.0,-71.0,-91.0,157.0,0.0
6292.0,-11964.0,-11692.0,-285.0,-369.0,191.0,0.0
6076.0,-11800.0,-11820.0,-539.0,-435.0,-177.0,0.0
5920.0,-11508.0,-11868.0,-358.0,-381.0,34.0,0.0
5956.0,-11472.0,-11804.0,-132.0,-181.0,228.0,0.0
5992.0,-11772.0,-11788.0,-144.0,-209.0,391.0,0.0
6040.0,-11948.0,-11836.0,0.0,28.0,147.0,0.0
6180.0,-12084.0,-11900.0,-167.0,-191.0,15.0,0.0
6036.0,-11860.0,-12100.0,-66.0,-250.0,130.0,0.0
5984.0,-11688.0,-11848.0,-240.0,-156.0,65.0,0.0
5884.0,-11724.0,-12088.0,-378.0,-398.0,134.0,0.0
5768.0,-11804.0,-11940.0,-364.0,-299.0,85.0,0.0
5860.0,-11496.0,-11764.0,-236.0,-168.0,213.0,0.0
5940.0,-12096.0,-11908.0,-133.0,-102.0,2.0,0.0
5920.0,-11944.0,-11864.0,-104.0,-199.0,3.0,0.0
5964.0,-11720.0,-12068.0,-313.0,-195.0,-111.0,0.0
5696.0,-11784.0,-11968.0,-384.0,-320.0,22.0,0.0
5712.0,-11800.0,-12028.0,-209.0,-270.0,51.0,0.0
5808.0,-11728.0,-12044.0,-330.0,-271.0,-9.0,0.0
5604.0,-11604.0,-12092.0,-403.0,-167.0,47.0,0.0
5632.0,-11680.0,-11912.0,-149.0,-265.0,176.0,0.0
5796.0,-11728.0,-12296.0,-144.0,-213.0,-14.0,0.0
5764.0,-11732.0,-12196.0,-47.0,-205.0,99.0,0.0
5700.0,-11728.0,-12012.0,-138.0,-166.0,23.0,0.0
5624.0,-11704.0,-11956.0,-307.0,-306.0,47.0,0.0
5736.0,-11548.0,-12052.0,-333.0,-187.0,-21.0,0.0
5728.0,-11896.0,-12124.0,-329.0,-283.0,84.0,0.0
5640.0,-11640.0,-12140.0,-558.0,-230.0,67.0,0.0
5576.0,-11468.0,-12316.0,-236.0,-216.0,123.0,0.0
5472.0,-11764.0,-12284.0,-169.0,-288.0,17.0,0.0
5336.0,-11720.0,-12124.0,-206.0,-272.0,44.0,0.0
5464.0,-11500.0,-12024.0,-79.0,-158.0,-2.0,0.0
5504.0,-11672.0,-12388.0,131.0,-88.0,62.0,0.0
5668.0,-11908.0,-12128.0,203.0,-24.0,104.0,0.0
5620.0,-11752.0,-12092.0,88.0,-102.0,46.0,0.0
5508.0,-11700.0,-12236.0,118.0,206.0,-198.0,0.0
5640.0,-12112.0,-12156.0,-53.0,-249.0,-151.0,0.0
5536.0,-11688.0,-12128.0,-114.0,146.0,-942.0,0.0
5888.0,-11588.0,-12272.0,4940.0,1729.0,-771.0,0.0
6712.0,-13104.0,-11836.0,2639.0,3458.0,-2790.0,0.0
7192.0,-11868.0,-10580.0,1872.0,3000.0,-2310.0,0.0
6940.0,-12240.0,-10192.0,-178.0,2222.0,-2206.0,0.0
7156.0,-11688.0,-10712.0,-517.0,703.0,-1674.0,0.0
7108.0,-12276.0,-10900.0,-1386.0,47.0,-1131.0,0.0
7300.0,-11732.0,-11048.0,-571.0,95.0,-554.0,1.0
7224.0,-11876.0,-10944.0,-813.0,-300.0,-468.0,1.0
7084.0,-11328.0,-11136.0,-451.0,-686.0,-357.0,1.0
6984.0,-11392.0,-11312.0,-1087.0,-1253.0,217.0,1.0
6784.0,-11692.0,-12004.0,-1067.0,-342.0,-181.0,1.0
7068.0,-11844.0,-11724.0,45.0,116.0,-211.0,1.0
7336.0,-11500.0,-11244.0,209.0,257.0,-288.0,1.0
7268.0,-11424.0,-11248.0,-86.0,193.0,-394.0,1.0
7364.0,-11344.0,-11188.0,5.0,268.0,-315.0,1.0
6956.0,-11516.0,-11900.0,626.0,1321.0,-971.0,1.0
7296.0,-11816.0,-11656.0,4243.0,7121.0,-3066.0,1.0
10252.0,-11884.0,-9164.0,3679.0,5197.0,-1434.0,1.0
9028.0,-10864.0,-8672.0,-2969.0,-5455.0,3413.0,1.0
4952.0,-13608.0,-13124.0,3478.0,3838.0,-4580.0,1.0
12148.0,-11984.0,-8692.0,7708.0,18571.0,-12895.0,1.0
14532.0,-8132.0,-2400.0,-3672.0,-13444.0,11747.0,1.0
320.0,-13276.0,-12660.0,-3738.0,-14497.0,8643.0,1.0
11040.0,-13824.0,-11532.0,2871.0,6433.0,-1921.0,1.0
6820.0,-13004.0,-10156.0,-221.0,1089.0,-1707.0,1.0
10412.0,-10156.0,-8240.0,-866.0,-902.0,1042.0,1.0
5888.0,-14128.0,-11380.0,231.0,-939.0,-192.0,1.0
11432.0,-9724.0,-7940.0,2216.0,6686.0,-5359.0,1.0
8160.0,-11084.0,-7632.0,-1506.0,-7348.0,5021.0,1.0
8016.0,-11552.0,-11936.0,-861.0,12088.0,-13427.0,1.0
12096.0,-9944.0,-6616.0,4220.0,-2850.0,3700.0,1.0
6172.0,-12540.0,-11780.0,-2542.0,4246.0,-7518.0,1.0
13952.0,-12424.0,-6168.0,5479.0,-521.0,-499.0,1.0
10128.0,-7864.0,-7456.0,-3952.0,-9725.0,7501.0,1.0
9692.0,-14784.0,-9172.0,-190.0,-7011.0,6548.0,1.0
7752.0,-12520.0,-12196.0,-3078.0,3549.0,-4680.0,1.0
10832.0,-11912.0,-8384.0,-3344.0,480.0,-3848.0,1.0
7424.0,-7700.0,-10152.0,-552.0,-2276.0,-1367.0,1.0
10224.0,-13120.0,-10500.0,-2942.0,4946.0,-10886.0,1.0
9280.0,-8128.0,-9812.0,3078.0,2877.0,-5265.0,1.0
13060.0,-9384.0,-7744.0,-4486.0,3149.0,-1827.0,1.0
11692.0,-8388.0,-8292.0,-1025.0,-8677.0,9510.0,1.0
7276.0,-14544.0,-13812.0,-3990.0,3374.0,-5334.0,1.0
12540.0,-11576.0,-9804.0,4308.0,5459.0,-4082.0,1.0
10316.0,-6868.0,-6820.0,309.0,-8370.0,6689.0,1.0
5548.0,-15736.0,-13416.0,1025.0,5138.0,-7534.0,1.0
13632.0,-9956.0,-7400.0,6294.0,4403.0,-3605.0,1.0
7784.0,-8968.0,-8612.0,-5505.0,-5334.0,813.0,1.0
12732.0,-11100.0,-10168.0,4438.0,4485.0,-740.0,1.0
13024.0,-7888.0,-7088.0,-683.0,7733.0,-3961.0,1.0
12068.0,-6736.0,-5260.0,-4043.0,-14961.0,13419.0,1.0
8060.0,-14080.0,-13760.0,-3008.0,2167.0,-4577.0,1.0
13376.0,-11688.0,-9216.0,6340.0,5058.0,-1735.0,1.0
9760.0,-7824.0,-5760.0,-3846.0,-8294.0,4654.0,1.0
8676.0,-13244.0,-12356.0,1427.0,8401.0,-7569.0,1.0
14468.0,-9252.0,-7696.0,2652.0,11071.0,-8117.0,1.0
11804.0,-4660.0,-3264.0,-4593.0,-12736.0,11052.0,1.0
7148.0,-15256.0,-13528.0,-1249.0,-4979.0,1748.0,1.0
12620.0,-10832.0,-9224.0,4252.0,4663.0,-1418.0,1.0
9544.0,-9624.0,-7052.0,-3310.0,802.0,-2127.0,1.0
12180.0,-10252.0,-8808.0,-3303.0,-9112.0,8204.0,1.0
3608.0,-16768.0,-15528.0,1431.0,170.0,-4209.0,1.0
10100.0,-9840.0,-8932.0,2231.0,17861.0,-9716.0,1.0
12288.0,-6760.0,-1840.0,-4852.0,-12296.0,8999.0,1.0
5100.0,-13288.0,-15368.0,828.0,3374.0,-7957.0,1.0
15784.0,-8536.0,-8680.0,2773.0,16349.0,-11345.0,1.0
10008.0,-6088.0,-1724.0,-6276.0,-10612.0,11562.0,1.0
8076.0,-16328.0,-15384.0,3270.0,3474.0,-5316.0,1.0
16612.0,-7864.0,-7756.0,3971.0,7921.0,-1392.0,1.0
9928.0,-8648.0,-4924.0,-7348.0,-13835.0,14221.0,1.0
10460.0,-13816.0,-11940.0,-611.0,3872.0,-2340.0,1.0
11948.0,-10540.0,-7840.0,-642.0,396.0,248.0,1.0
10288.0,-9092.0,-7168.0,-4017.0,-9341.0,10273.0,1.0
6808.0,-14396.0,-13092.0,-213.0,1883.0,-2779.0,1.0
11652.0,-9992.0,-8188.0,1186.0,7983.0,-4568.0,1.0
9280.0,-9224.0,-5720.0,-1870.0,-5359.0,4927.0,1.0
7380.0,-15000.0,-12628.0,3947.0,4516.0,-7140.0,1.0
14032.0,-7424.0,-7532.0,3976.0,19100.0,-11557.0,1.0
11100.0,-7084.0,-1260.0,-6316.0,-19184.0,15667.0,1.0
4928.0,-15844.0,-15468.0,105.0,3998.0,-7801.0,1.0
16348.0,-11060.0,-7464.0,5448.0,5853.0,-4222.0,1.0
10304.0,-3660.0,-1584.0,-8061.0,-12724.0,12302.0,1.0
5000.0,-21920.0,-15216.0,-1890.0,519.0,-6202.0,0.0
15660.0,-7260.0,-10712.0,6214.0,12386.0,-7366.0,0.0
11712.0,-5072.0,-1436.0,-5589.0,-6430.0,10856.0,0.0
6716.0,-15148.0,-11472.0,199.0,-2667.0,-4667.0,0.0
14252.0,-9100.0,-10296.0,3763.0,11364.0,-6801.0,0.0
12196.0,-7504.0,-4332.0,-2809.0,-7352.0,8892.0,0.0
5776.0,-15504.0,-11460.0,1484.0,-310.0,-4719.0,0.0
14396.0,-8040.0,-8864.0,3172.0,8563.0,-5684.0,0.0
10144.0,-8372.0,-4532.0,-4017.0,-7543.0,8256.0,0.0
8900.0,-13544.0,-10128.0,-1175.0,-1364.0,-2769.0,0.0
11180.0,-9884.0,-10144.0,1369.0,1933.0,-65.0,0.0
10804.0,-10148.0,-7484.0,-753.0,2670.0,399.0,0.0
10316.0,-10268.0,-6628.0,-1832.0,-1330.0,2440.0,0.0
10456.0,-11620.0,-8052.0,-651.0,-2713.0,3846.0,0.0
10292.0,-11472.0,-8916.0,468.0,-3876.0,5292.0,0.0
9940.0,-12752.0,-9972.0,-315.0,-287.0,596.0,0.0
10428.0,-11708.0,-9676.0,492.0,-444.0,1562.0,0.0
9908.0,-11740.0,-9316.0,599.0,-237.0,949.0,0.0
9544.0,-11824.0,-9020.0,-861.0,-3010.0,1253.0,0.0
8440.0,-12036.0,-9580.0,-846.0,-2742.0,408.0,0.0
8608.0,-11796.0,-9292.0,274.0,-492.0,-327.0,0.0
8716.0,-11864.0,-9516.0,-22.0,2.0,-246.0,0.0
8872.0,-11868.0,-9512.0,280.0,371.0,-369.0,0.0
9140.0,-11700.0,-9404.0,-18.0,353.0,-251.0,0.0
9208.0,-11884.0,-9168.0,-7.0,122.0,24.0,0.0
9376.0,-12048.0,-9252.0,-3.0,402.0,-122.0,0.0
9272.0,-12188.0,-8952.0,-21.0,707.0,-262.0,0.0
9400.0,-11988.0,-8368.0,358.0,662.0,-471.0,0.0
9164.0,-11856.0,-8300.0,209.0,-354.0,-240.0,0.0
9352.0,-11816.0,-8516.0,257.0,-1130.0,-22.0,0.0
9136.0,-11716.0,-8796.0,122.0,-1207.0,136.0,0.0
9024.0,-12056.0,-9024.0,177.0,-1080.0,346.0,0.0
8940.0,-11872.0,-8656.0,223.0,-1088.0,231.0,0.0
9116.0,-11780.0,-8784.0,326.0,-1382.0,554.0,0.0
8956.0,-11848.0,-9028.0,141.0,-1390.0,923.0,0.0
8852.0,-12252.0,-9276.0,253.0,-1278.0,603.0,0.0
8880.0,-12560.0,-9556.0,-449.0,-1155.0,724.0,0.0
8416.0,-12544.0,-9740.0,-721.0,-846.0,29.0,0.0
8340.0,-12064.0,-9636.0,-1222.0,-724.0,-264.0,0.0
8112.0,-12324.0,-9976.0,-667.0,-444.0,344.0,0.0
7992.0,-11992.0,-9736.0,-740.0,-724.0,360.0,0.0
8204.0,-12148.0,-9864.0,-438.0,-32.0,313.0,0.0
8048.0,-12168.0,-10144.0,-1239.0,-303.0,20.0,0.0
7984.0,-12156.0,-9908.0,-1096.0,-213.0,-149.0,0.0
7944.0,-12016.0,-10032.0,-797.0,-147.0,-535.0,0.0
8168.0,-11760.0,-10060.0,-977.0,-518.0,-317.0,0.0
8224.0,-11916.0,-10432.0,-760.0,-84.0,-175.0,0.0
8432.0,-12296.0,-10396.0,-736.0,-141.0,-176.0,0.0
8192.0,-11716.0,-10264.0,-327.0,15.0,-228.0,0.0
8040.0,-11764.0,-10240.0,-1601.0,-492.0,-542.0,0.0
8052.0,-11712.0,-10548.0,-25.0,-273.0,-74.0,0.0
8236.0,-11532.0,-10412.0,-1136.0,-81.0,-668.0,0.0
8228.0,-11656.0,-10676.0,-210.0,-116.0,-249.0,0.0
8116.0,-11388.0,-10676.0,51.0,73.0,-318.0,0.0
8108.0,-11424.0,-10788.0,-182.0,-259.0,-101.0,0.0
8104.0,-11376.0,-10712.0,-817.0,-86.0,-76.0,0.0
8020.0,-11604.0,-10564.0,561.0,111.0,480.0,0.0
8252.0,-11740.0,-10184.0,-129.0,312.0,-293.0,0.0
8372.0,-11524.0,-10232.0,208.0,66.0,-364.0,0.0
8412.0,-11548.0,-10496.0,195.0,-59.0,90.0,0.0
8308.0,-11508.0,-10384.0,409.0,13.0,381.0,0.0
8332.0,-11480.0,-9992.0,-62.0,-49.0,287.0,0.0
8464.0,-12036.0,-10268.0,70.0,-298.0,212.0,0.0
8544.0,-11864.0,-10092.0,153.0,-231.0,342.0,0.0
8456.0,-11916.0,-10024.0,450.0,-159.0,-22.0,0.0
8304.0,-11652.0,-10348.0,-218.0,-267.0,-26.0,0.0
8364.0,-11676.0,-10248.0,-327.0,-30.0,-101.0,0.0
8288.0,-11772.0,-10312.0,-189.0,-123.0,53.0,0.0
8356.0,-11972.0,-10348.0,-396.0,-339.0,-97.0,0.0
8176.0,-11624.0,-10432.0,-296.0,-65.0,-155.0,0.0
8216.0,-11544.0,-10184.0,-61.0,-153.0,119.0,0.0
8100.0,-11776.0,-10440.0,-266.0,-309.0,58.0,0.0
8188.0,-11824.0,-10404.0,-27.0,-257.0,160.0,0.0
8108.0,-11772.0,-10528.0,-395.0,-128.0,-151.0,0.0
8064.0,-11788.0,-10328.0,-417.0,-401.0,66.0,0.0
8144.0,-11712.0,-11292.0,139.0,218.0,-28.0,0.0
8076.0,-11788.0,-10324.0,-500.0,-259.0,63.0,0.0
7976.0,-11584.0,-10196.0,-206.0,-275.0,168.0,0.0
8276.0,-11716.0,-10400.0,-144.0,-218.0,142.0,0.0
8192.0,-11896.0,-10544.0,-262.0,-143.0,-14.0,0.0
8148.0,-11672.0,-10544.0,-299.0,-223.0,-74.0,0.0
7812.0,-11900.0,-10544.0,-499.0,-262.0,-253.0,0.0
8032.0,-11496.0,-10668.0,-283.0,-303.0,-62.0,0.0
7904.0,-11756.0,-10776.0,-73.0,-160.0,78.0,0.0
7972.0,-11556.0,-10504.0,-337.0,-265.0,126.0,0.0
7940.0,-11812.0,-10500.0,-295.0,-194.0,22.0,0.0
8032.0,-11624.0,-10764.0,-152.0,-277.0,97.0,0.0
7924.0,-11728.0,-10724.0,-326.0,-431.0,32.0,0.0
7924.0,-11584.0,-10636.0,-344.0,-326.0,135.0,0.0
7908.0,-11632.0,-10684.0,-266.0,-303.0,156.0,0.0
7820.0,-11636.0,-10648.0,-356.0,-239.0,69.0,0.0
7820.0,-11884.0,-10852.0,-254.0,-352.0,63.0,0.0
7788.0,-11720.0,-11088.0,-767.0,-359.0,-23.0,0.0
7676.0,-11460.0,-10820.0,-141.0,-322.0,166.0,0.0
7712.0,-11588.0,-10876.0,-80.0,-195.0,226.0,0.0
7752.0,-11828.0,-10952.0,-192.0,-226.0,154.0,0.0
7892.0,-11872.0,-10688.0,-143.0,-374.0,39.0,0.0
7800.0,-11628.0,-10904.0,6.0,-483.0,-5.0,0.0
7712.0,-11688.0,-10936.0,-301.0,-200.0,-86.0,0.0
7588.0,-11804.0,-10924.0,-254.0,-248.0,-91.0,0.0
7432.0,-11668.0,-10924.0,-375.0,-249.0,-184.0,0.0
7460.0,-11492.0,-11200.0,-274.0,-283.0,-140.0,0.0
7684.0,-11516.0,-10980.0,12.0,-188.0,102.0,0.0
7604.0,-11820.0,-11008.0,-256.0,-41.0,-147.0,0.0
7620.0,-11592.0,-10824.0,-230.0,-313.0,51.0,0.0
7496.0,-11728.0,-11160.0,-343.0,-453.0,-18.0,0.0
7576.0,-11536.0,-11140.0,-92.0,-387.0,241.0,0.0
7808.0,-11720.0,-11228.0,258.0,-36.0,169.0,0.0
7956.0,-11344.0,-11308.0,1726.0,1259.0,-222.0,0.0
9036.0,-11516.0,-11196.0,5935.0,4248.0,-133.0,0.0
10048.0,-11948.0,-9540.0,-2140.0,4651.0,-2210.0,0.0
8932.0,-11364.0,-8932.0,-663.0,1832.0,-470.0,0.0
8256.0,-12144.0,-9164.0,-2271.0,1210.0,-780.0,0.0
7716.0,-11920.0,-9676.0,-1448.0,-503.0,139.0,0.0
7588.0,-11428.0,-10760.0,-1924.0,-184.0,105.0,0.0
7840.0,-11676.0,-10456.0,-755.0,6.0,528.0,0.0
7508.0,-11720.0,-10420.0,-1106.0,-544.0,469.0,0.0
7624.0,-11416.0,-10468.0,-1079.0,-1113.0,755.0,0.0
7584.0,-11600.0,-10996.0,-1181.0,-1052.0,328.0,1.0
7744.0,-11420.0,-11004.0,-266.0,-914.0,310.0,1.0
8004.0,-11888.0,-10972.0,-136.0,-650.0,67.0,1.0
8188.0,-11564.0,-11188.0,274.0,-73.0,-282.0,1.0
8556.0,-10820.0,-11608.0,2631.0,400.0,756.0,1.0
8264.0,-10752.0,-11076.0,31234.0,3045.0,10190.0,1.0
6784.0,-25520.0,-7588.0,3525.0,11293.0,-5413.0,1.0
9576.0,-6984.0,-2364.0,-14274.0,1580.0,-10977.0,1.0
6384.0,-9712.0,-7424.0,6616.0,-10575.0,7184.0,1.0
8760.0,-17200.0,-10572.0,-2093.0,19664.0,-19544.0,1.0
15644.0,-9928.0,-936.0,-36.0,-16745.0,11958.0,1.0
380.0,-15876.0,-10904.0,-9012.0,-2227.0,-7512.0,1.0
13692.0,-11488.0,-7324.0,7095.0,4501.0,-466.0,1.0
5076.0,-14988.0,-8516.0,-11469.0,184.0,-6949.0,1.0
10068.0,-8184.0,-8388.0,7538.0,12488.0,-6536.0,1.0
12236.0,-12628.0,-3904.0,-4961.0,-4812.0,2739.0,1.0
10004.0,-12664.0,-8880.0,4565.0,8786.0,-8856.0,1.0
15528.0,-10524.0,-2312.0,4262.0,-1811.0,4633.0,1.0
7168.0,-11932.0,-8544.0,-4708.0,-10017.0,7013.0,1.0
14292.0,-12352.0,-7800.0,-260.0,9796.0,-4504.0,1.0
12660.0,-10316.0,-4692.0,-2064.0,-2485.0,3844.0,1.0
8088.0,-11268.0,-7900.0,-4185.0,-4363.0,3296.0,1.0
11888.0,-11388.0,-6688.0,512.0,9198.0,-4688.0,1.0
13776.0,-9644.0,-3808.0,-226.0,-4693.0,4059.0,1.0
7196.0,-11892.0,-8960.0,-1010.0,-12946.0,7917.0,1.0
11752.0,-11164.0,-9628.0,-769.0,17594.0,-11512.0,1.0
14808.0,-9636.0,-2644.0,981.0,-6286.0,6493.0,1.0
4436.0,-12448.0,-9508.0,-1240.0,-10319.0,3585.0,1.0
13136.0,-11440.0,-8292.0,3346.0,9883.0,-3371.0,1.0
13072.0,-10812.0,-4064.0,-1964.0,-6787.0,6643.0,1.0
5304.0,-12820.0,-9492.0,-2552.0,-11058.0,4199.0,1.0
10296.0,-13460.0,-10560.0,3193.0,10215.0,-6410.0,1.0
13564.0,-11236.0,-5720.0,96.0,-1828.0,1912.0,1.0
8896.0,-9760.0,-7184.0,-6255.0,-12466.0,10052.0,1.0
6816.0,-13332.0,-11924.0,128.0,13273.0,-9918.0,1.0
14644.0,-10824.0,-5544.0,3482.0,1358.0,388.0,1.0
8708.0,-10432.0,-6252.0,-5740.0,-14565.0,12338.0,1.0
6520.0,-12968.0,-11836.0,-1265.0,8511.0,-5023.0,1.0
12276.0,-12488.0,-8472.0,2601.0,5055.0,-2224.0,1.0
10900.0,-11040.0,-6060.0,-5196.0,-8210.0,5003.0,1.0
5300.0,-11924.0,-10648.0,-875.0,-7702.0,2926.0,1.0
9604.0,-12468.0,-11008.0,2896.0,12736.0,-6182.0,1.0
11352.0,-11300.0,-6264.0,784.0,-2152.0,2982.0,1.0
7084.0,-11460.0,-8088.0,-3007.0,-9919.0,5635.0,1.0
6848.0,-12792.0,-11544.0,2063.0,11502.0,-8362.0,1.0
13196.0,-11800.0,-6736.0,3418.0,3307.0,-1330.0,1.0
9676.0,-9904.0,-5628.0,-7509.0,-19368.0,12254.0,1.0
3064.0,-13716.0,-13200.0,-85.0,825.0,-3416.0,1.0
10860.0,-12480.0,-10436.0,5374.0,11202.0,-4092.0,1.0
9968.0,-11844.0,-6700.0,-1625.0,-2289.0,2940.0,1.0
7632.0,-11476.0,-7780.0,-5017.0,-11466.0,7392.0,1.0
4664.0,-14152.0,-12808.0,1837.0,10536.0,-8799.0,1.0
12864.0,-11632.0,-8292.0,4318.0,10427.0,-5548.0,1.0
10124.0,-9860.0,-4784.0,-4504.0,-11385.0,8111.0,1.0
4028.0,-13036.0,-11084.0,-2308.0,-5218.0,597.0,1.0
9796.0,-13048.0,-11116.0,4844.0,14904.0,-6536.0,1.0
11812.0,-11544.0,-5924.0,579.0,-4480.0,5014.0,1.0
6348.0,-11560.0,-7840.0,-5194.0,-10469.0,6904.0,1.0
6780.0,-13384.0,-12356.0,2278.0,9006.0,-5056.0,1.0
11368.0,-13156.0,-7904.0,2355.0,3817.0,-1200.0,1.0
8752.0,-10976.0,-7048.0,-5462.0,-10332.0,6547.0,1.0
5072.0,-13332.0,-11372.0,699.0,5372.0,-5157.0,1.0
11000.0,-11732.0,-8556.0,3311.0,6408.0,-2492.0,1.0
9128.0,-11660.0,-6004.0,-4204.0,-11012.0,7573.0,1.0
3348.0,-13280.0,-10932.0,-2067.0,-5219.0,578.0,1.0
7944.0,-13756.0,-11576.0,6812.0,15096.0,-8339.0,1.0
12124.0,-12324.0,-5860.0,2400.0,3363.0,-709.0,1.0
8496.0,-10496.0,-4580.0,-4565.0,-15584.0,9230.0,1.0
3908.0,-14072.0,-11348.0,1074.0,-910.0,-3807.0,1.0
10036.0,-12516.0,-9316.0,3776.0,3536.0,-3136.0,1.0
7680.0,-11888.0,-6112.0,1473.0,-12405.0,5627.0,1.0
4160.0,-14536.0,-11372.0,-554.0,-3067.0,-1590.0,1.0
8608.0,-12448.0,-9408.0,1571.0,5452.0,-4257.0,1.0
8636.0,-13148.0,-7420.0,339.0,-8214.0,4325.0,1.0
4700.0,-14464.0,-11228.0,-4435.0,-2215.0,-423.0,1.0
9160.0,-11672.0,-9188.0,568.0,5439.0,-3884.0,1.0
8056.0,-13228.0,-7964.0,1801.0,-10592.0,4293.0,1.0
4316.0,-13840.0,-12556.0,-5220.0,-2470.0,-826.0,1.0
7484.0,-12760.0,-10792.0,654.0,3590.0,-2216.0,1.0
6988.0,-12088.0,-9580.0,-2830.0,-2855.0,1579.0,1.0
3292.0,-12960.0,-13796.0,-1281.0,861.0,-2594.0,1.0
7992.0,-13236.0,-10484.0,3512.0,10792.0,-6353.0,1.0
9536.0,-10340.0,-7212.0,-2740.0,-7893.0,5282.0,1.0
3404.0,-11392.0,-12356.0,-858.0,-8302.0,3078.0,1.0
7064.0,-13872.0,-11116.0,1228.0,1749.0,-2286.0,1.0
6076.0,-12892.0,-9980.0,-4411.0,-3944.0,1156.0,1.0
6124.0,-13116.0,-11424.0,-200.0,1876.0,-2994.0,1.0
7632.0,-10360.0,-11308.0,490.0,3159.0,-2983.0,1.0
7044.0,-13764.0,-9888.0,-4276.0,1022.0,-573.0,1.0
7748.0,-8616.0,-10024.0,-3586.0,-7376.0,5851.0,1.0
3984.0,-15204.0,-14500.0,3677.0,4935.0,-3508.0,1.0
7732.0,-10156.0,-10980.0,-1626.0,293.0,-131.0,1.0
6628.0,-12568.0,-10304.0,-2289.0,722.0,-1336.0,0.0
6620.0,-10100.0,-11392.0,-84.0,-2662.0,1215.0,0.0
6944.0,-13236.0,-11896.0,-2557.0,-41.0,-327.0,0.0
6624.0,-11540.0,-11900.0,1677.0,-425.0,342.0,0.0
6644.0,-11952.0,-11628.0,-1002.0,619.0,-463.0,0.0
6776.0,-11720.0,-11584.0,1104.0,-422.0,62.0,0.0
7048.0,-11388.0,-11664.0,-1183.0,328.0,-309.0,0.0
6796.0,-11476.0,-11320.0,116.0,-314.0,436.0,0.0
6644.0,-11752.0,-11360.0,-792.0,-802.0,422.0,0.0
6436.0,-11936.0,-11852.0,-474.0,-637.0,193.0,0.0
6240.0,-11828.0,-12196.0,-647.0,-339.0,-17.0,0.0
6352.0,-11648.0,-12068.0,-448.0,30.0,-58.0,0.0
6560.0,-11252.0,-11376.0,-719.0,-368.0,314.0,0.0
6348.0,-11508.0,-11620.0,-887.0,-507.0,440.0,0.0
6296.0,-11908.0,-12164.0,-446.0,-669.0,216.0,0.0
6460.0,-11584.0,-12040.0,-154.0,73.0,-238.0,0.0
6312.0,-11348.0,-11664.0,-355.0,-482.0,181.0,0.0
6468.0,-11448.0,-11696.0,-464.0,-268.0,86.0,0.0
6132.0,-11672.0,-12140.0,-627.0,-238.0,-122.0,0.0
6260.0,-11324.0,-11908.0,-127.0,-31.0,-75.0,0.0
6000.0,-11512.0,-12032.0,-683.0,-87.0,-228.0,0.0
6020.0,-11404.0,-12380.0,-193.0,-189.0,-189.0,0.0
6280.0,-11372.0,-12224.0,-315.0,12.0,-174.0,0.0
6196.0,-11392.0,-12136.0,-499.0,-51.0,-150.0,0.0
6216.0,-11408.0,-12136.0,-64.0,-440.0,23.0,0.0
6128.0,-11404.0,-12412.0,-422.0,-178.0,-90.0,0.0
6116.0,-11248.0,-12272.0,-369.0,117.0,-182.0,0.0
6304.0,-11272.0,-12204.0,-17.0,-209.0,-45.0,0.0
6312.0,-11428.0,-12324.0,-132.0,-152.0,-7.0,0.0
6248.0,-11480.0,-12268.0,-74.0,-68.0,-111.0,0.0
6232.0,-11224.0,-12048.0,-306.0,4.0,-75.0,0.0
6224.0,-11488.0,-12224.0,-99.0,-152.0,44.0,0.0
6260.0,-11444.0,-12276.0,-84.0,-5.0,-99.0,0.0
6400.0,-11376.0,-11840.0,-118.0,-37.0,-7.0,0.0
6172.0,-11496.0,-12212.0,-59.0,-118.0,-112.0,0.0
6368.0,-11304.0,-12148.0,-275.0,61.0,-163.0,0.0
6292.0,-11376.0,-12224.0,-79.0,-8.0,-8.0,0.0
6284.0,-11584.0,-12164.0,-169.0,104.0,-70.0,0.0
6408.0,-11236.0,-12012.0,-56.0,92.0,51.0,0.0
6404.0,-11300.0,-11852.0,-73.0,-48.0,45.0,0.0
6468.0,-11424.0,-12084.0,-132.0,-47.0,44.0,0.0
6360.0,-11320.0,-12016.0,-32.0,-2.0,52.0,0.0
6368.0,-11348.0,-12136.0,5.0,97.0,-56.0,0.0
6224.0,-11172.0,-12160.0,298.0,242.0,105.0,0.0
6252.0,-11864.0,-12176.0,111.0,373.0,0.0,0.0
6304.0,-11436.0,-11840.0,274.0,277.0,-114.0,0.0
6440.0,-11572.0,-11968.0,55.0,137.0,104.0,0.0
6452.0,-11688.0,-11860.0,44.0,58.0,53.0,0.0
6492.0,-11700.0,-12020.0,-242.0,75.0,-101.0,0.0
6388.0,-11476.0,-11916.0,-182.0,158.0,-123.0,0.0
6376.0,-11552.0,-12100.0,-164.0,104.0,-52.0,0.0
6160.0,-10904.0,-11900.0,-290.0,-526.0,262.0,0.0
6444.0,-11744.0,-11992.0,-86.0,-177.0,137.0,0.0
6468.0,-11632.0,-11940.0,-153.0,-87.0,24.0,0.0
6316.0,-11536.0,-11952.0,-22.0,-222.0,220.0,0.0
6412.0,-11536.0,-11784.0,-172.0,-96.0,-15.0,0.0
6404.0,-11324.0,-11876.0,-60.0,7.0,-117.0,0.0
6396.0,-11668.0,-11968.0,12.0,-137.0,-21.0,0.0
6400.0,-11556.0,-12020.0,-203.0,-74.0,-59.0,0.0
6284.0,-11532.0,-11864.0,-215.0,-190.0,-10.0,0.0
6316.0,-11492.0,-11852.0,-147.0,-218.0,124.0,0.0
6216.0,-11624.0,-11912.0,104.0,-273.0,162.0,0.0
6260.0,-11572.0,-11992.0,-406.0,-53.0,58.0,0.0
6064.0,-11880.0,-12048.0,-47.0,-220.0,171.0,0.0
6192.0,-11532.0,-11772.0,-270.0,-277.0,89.0,0.0
6296.0,-11656.0,-11948.0,-167.0,-297.0,162.0,0.0
6220.0,-11832.0,-12028.0,-127.0,-171.0,108.0,0.0
6072.0,-11732.0,-12048.0,-250.0,-261.0,116.0,0.0
6112.0,-11616.0,-11952.0,-74.0,-209.0,123.0,0.0
6220.0,-11696.0,-11912.0,-298.0,-162.0,83.0,0.0
6012.0,-11636.0,-11956.0,-87.0,-228.0,171.0,0.0
6108.0,-11824.0,-11992.0,-257.0,-213.0,214.0,0.0
6064.0,-11836.0,-11820.0,-219.0,-185.0,44.0,0.0
5932.0,-11568.0,-11828.0,-200.0,-196.0,-41.0,0.0
5972.0,-11560.0,-12088.0,-58.0,-343.0,212.0,0.0
5928.0,-11832.0,-12004.0,-198.0,-279.0,47.0,0.0
5892.0,-11612.0,-12144.0,-200.0,-183.0,-67.0,0.0
5940.0,-11500.0,-11992.0,-172.0,-298.0,159.0,0.0
5864.0,-11720.0,-11928.0,-319.0,-172.0,2.0,0.0
5900.0,-11784.0,-12208.0,-351.0,-192.0,131.0,0.0
5796.0,-11536.0,-12072.0,-225.0,-216.0,71.0,0.0
5924.0,-11716.0,-12080.0,-402.0,-195.0,88.0,0.0
5744.0,-11784.0,-11988.0,-186.0,-189.0,33.0,0.0
5784.0,-11656.0,-12272.0,-288.0,-410.0,60.0,0.0
5648.0,-11600.0,-12104.0,-287.0,-136.0,25.0,0.0
5672.0,-11520.0,-12128.0,-235.0,-270.0,-40.0,0.0
5780.0,-11696.0,-12060.0,-263.0,-308.0,148.0,0.0
5664.0,-11664.0,-12276.0,-50.0,-118.0,24.0,0.0
5732.0,-11468.0,-12376.0,-256.0,-160.0,10.0,0.0
5644.0,-11488.0,-12344.0,-104.0,-131.0,94.0,0.0
5688.0,-11600.0,-12272.0,-90.0,-241.0,49.0,0.0
5648.0,-11644.0,-12176.0,-160.0,-232.0,-8.0,0.0
5560.0,-11628.0,-12152.0,-198.0,-367.0,-58.0,0.0
5724.0,-11532.0,-12164.0,-202.0,-208.0,16.0,0.0
5576.0,-11536.0,-12472.0,-153.0,-219.0,32.0,0.0
5516.0,-11716.0,-12356.0,-181.0,-153.0,78.0,0.0
5472.0,-11620.0,-12280.0,-335.0,-153.0,61.0,0.0
5580.0,-11512.0,-12536.0,-205.0,-342.0,99.0,0.0
5580.0,-11820.0,-12460.0,-227.0,-23.0,40.0,0.0
5676.0,-11676.0,-12324.0,-190.0,-163.0,76.0,0.0
5536.0,-11644.0,-12348.0,-114.0,-157.0,68.0,0.0
5620.0,-11512.0,-12360.0,128.0,6.0,-106.0,0.0
5516.0,-11572.0,-12108.0,51.0,-82.0,-36.0,0.0
5456.0,-11692.0,-12432.0,-57.0,-196.0,51.0,0.0
5292.0,-11464.0,-12564.0,-291.0,-141.0,-87.0,0.0
5328.0,-11380.0,-12216.0,-218.0,-234.0,109.0,0.0
5300.0,-11656.0,-12492.0,43.0,-482.0,93.0,1.0
5448.0,-11720.0,-12408.0,196.0,-37.0,-104.0,1.0
6192.0,-11596.0,-13384.0,1643.0,-311.0,242.0,1.0
4452.0,-14852.0,-17740.0,11023.0,15664.0,-12287.0,1.0
13656.0,-12136.0,-8408.0,7485.0,24309.0,-12263.0,1.0
9460.0,-9360.0,-1712.0,-8935.0,-15907.0,10202.0,1.0
-792.0,-10216.0,-14080.0,-696.0,-2541.0,-4613.0,1.0
10072.0,-12624.0,-11380.0,9213.0,28223.0,-15077.0,1.0
12612.0,-10096.0,-3060.0,855.0,-11545.0,11588.0,1.0
4392.0,-13712.0,-12144.0,4339.0,14930.0,-14414.0,1.0
14924.0,-9964.0,-1152.0,1212.0,-4534.0,4862.0,1.0
5668.0,-13220.0,-8612.0,-3678.0,-15370.0,7982.0,1.0
10780.0,-12128.0,-12532.0,2996.0,22286.0,-13445.0,1.0
16276.0,-11980.0,2712.0,-1312.0,-11768.0,10374.0,1.0
-2424.0,-16356.0,-16384.0,3041.0,-3136.0,-8398.0,1.0
16892.0,-8056.0,-6024.0,9500.0,32767.0,-17027.0,1.0
12372.0,-4932.0,7716.0,-11783.0,-24533.0,21168.0,1.0
-800.0,-17204.0,-17444.0,837.0,1932.0,-10218.0,1.0
21344.0,-11836.0,-6364.0,9352.0,12977.0,-5361.0,1.0
11224.0,-5108.0,5524.0,-16781.0,-26164.0,19685.0,1.0
6732.0,-18340.0,-17424.0,-3829.0,9546.0,-10246.0,1.0
20048.0,-9368.0,-5428.0,2179.0,6068.0,-5859.0,1.0
10892.0,-5660.0,56.0,-4741.0,-23976.0,21567.0,1.0
3892.0,-14772.0,-17564.0,-4026.0,14410.0,-14198.0,1.0
15528.0,-12012.0,-3640.0,5432.0,291.0,1381.0,1.0
6812.0,-9448.0,-3952.0,-4522.0,-15742.0,9746.0,1.0
6460.0,-13748.0,-15476.0,2502.0,7355.0,-7402.0,1.0
15500.0,-12324.0,-3332.0,2895.0,2259.0,-946.0,1.0
7604.0,-8196.0,-3336.0,-2872.0,-16944.0,11654.0,1.0
5844.0,-13304.0,-14532.0,-4165.0,-6599.0,966.0,1.0
9284.0,-13272.0,-12920.0,-633.0,-1640.0,1896.0,1.0
7644.0,-12668.0,-9200.0,-2725.0,762.0,589.0,0.0
7116.0,-12352.0,-9164.0,-1219.0,-2408.0,1029.0,0.0
7564.0,-11192.0,-10908.0,-2678.0,-1534.0,-31.0,0.0
6848.0,-12480.0,-11716.0,-1565.0,-1868.0,1582.0,0.0
7000.0,-11788.0,-11048.0,-2310.0,-1.0,-438.0,0.0
6728.0,-12276.0,-11988.0,-1312.0,-333.0,-359.0,0.0
7300.0,-11136.0,-11844.0,-940.0,179.0,246.0,0.0
6800.0,-11696.0,-11384.0,-825.0,-11.0,-62.0,0.0
7220.0,-11700.0,-11500.0,-627.0,-80.0,-433.0,0.0
7208.0,-11356.0,-11796.0,-301.0,107.0,-533.0,0.0
7184.0,-11472.0,-11308.0,-793.0,238.0,-328.0,0.0
7172.0,-11736.0,-11308.0,15.0,-43.0,-136.0,0.0
7380.0,-11596.0,-11356.0,-866.0,305.0,-774.0,0.0
7584.0,-11100.0,-11604.0,282.0,215.0,-357.0,0.0
7472.0,-11688.0,-11332.0,-310.0,81.0,-355.0,0.0
7520.0,-11292.0,-11324.0,-24.0,-162.0,-211.0,0.0
7472.0,-11388.0,-11720.0,-282.0,54.0,-226.0,0.0
7404.0,-11308.0,-11608.0,80.0,-58.0,17.0,0.0
7288.0,-11560.0,-11436.0,-149.0,-178.0,33.0,0.0
7260.0,-11344.0,-11224.0,-66.0,-352.0,-40.0,0.0
7524.0,-11380.0,-11448.0,48.0,-342.0,139.0,0.0
7344.0,-11392.0,-11456.0,18.0,-78.0,174.0,0.0
7304.0,-11496.0,-11292.0,-77.0,-263.0,171.0,0.0
7524.0,-11400.0,-11440.0,-175.0,-476.0,62.0,0.0
7444.0,-11428.0,-11468.0,-62.0,-240.0,182.0,0.0
7412.0,-11480.0,-11352.0,-62.0,-208.0,102.0,0.0
7248.0,-11604.0,-11200.0,-280.0,-156.0,-14.0,0.0
7252.0,-11336.0,-11548.0,-91.0,-72.0,-57.0,0.0
7160.0,-11536.0,-11548.0,27.0,-132.0,-61.0,0.0
7280.0,-11484.0,-11624.0,-124.0,-321.0,88.0,0.0
7212.0,-11324.0,-11372.0,-335.0,-85.0,-48.0,0.0
7212.0,-11252.0,-11348.0,40.0,-431.0,338.0,0.0
7220.0,-11848.0,-11456.0,-350.0,-214.0,272.0,0.0
7176.0,-11472.0,-11604.0,-152.0,-168.0,27.0,0.0
7016.0,-11380.0,-11456.0,-171.0,-195.0,88.0,0.0
7048.0,-11708.0,-11804.0,-185.0,-92.0,-8.0,0.0
6996.0,-11408.0,-11420.0,-22.0,-159.0,235.0,0.0
7068.0,-11596.0,-11508.0,-22.0,-241.0,203.0,0.0
7156.0,-11652.0,-11412.0,-313.0,-62.0,150.0,0.0
7124.0,-11740.0,-11148.0,-174.0,-152.0,269.0,0.0
6984.0,-11684.0,-11532.0,-146.0,-96.0,213.0,0.0
6992.0,-11868.0,-11364.0,-46.0,-182.0,95.0,0.0
7012.0,-11464.0,-11488.0,-178.0,-99.0,155.0,0.0
6900.0,-11640.0,-11496.0,-147.0,-195.0,113.0,0.0
6956.0,-11724.0,-11532.0,-185.0,-112.0,165.0,0.0
6952.0,-11728.0,-11460.0,-154.0,-316.0,147.0,0.0
6972.0,-11516.0,-11608.0,-98.0,-205.0,151.0,0.0
6772.0,-11696.0,-11344.0,68.0,-248.0,231.0,0.0
6500.0,-11644.0,-11352.0,-390.0,-527.0,76.0,1.0
7064.0,-11700.0,-11960.0,64.0,-288.0,185.0,1.0
6712.0,-11788.0,-12000.0,-72.0,-522.0,294.0,1.0
7392.0,-11276.0,-13372.0,1178.0,-1883.0,1307.0,1.0
4096.0,-12748.0,-19956.0,16296.0,12039.0,-8221.0,1.0
9992.0,-14176.0,-9984.0,11904.0,32767.0,-28117.0,1.0
18456.0,-7932.0,9220.0,-1900.0,-6562.0,6737.0,1.0
108.0,-4784.0,-2408.0,-18543.0,-32768.0,26495.0,1.0
4716.0,-15832.0,-17392.0,11458.0,26072.0,-16071.0,1.0
15292.0,-10180.0,-2260.0,4976.0,5171.0,792.0,1.0
3804.0,-8920.0,-2748.0,-3157.0,-21968.0,15137.0,1.0
5916.0,-17252.0,-15192.0,5601.0,32767.0,-30334.0,1.0
22980.0,-6580.0,7824.0,2491.0,-3469.0,4717.0,1.0
596.0,-4932.0,-3496.0,-10045.0,-32768.0,23814.0,1.0
12372.0,-19716.0,-19332.0,3254.0,26699.0,-15074.0,1.0
14636.0,-9720.0,3184.0,3809.0,58.0,5362.0,1.0
3888.0,-5340.0,-244.0,-11034.0,-32768.0,24641.0,1.0
6740.0,-20100.0,-20280.0,2885.0,25281.0,-18269.0,1.0
15424.0,-9164.0,1520.0,-105.0,1086.0,1535.0,1.0
1300.0,-10664.0,-1980.0,-6312.0,-20057.0,8208.0,1.0
6860.0,-18196.0,-18548.0,6639.0,21774.0,-17820.0,1.0
19292.0,-9020.0,2988.0,2985.0,7767.0,-3011.0,1.0
8336.0,-3436.0,2640.0,-8941.0,-30686.0,25666.0,1.0
136.0,-23028.0,-20996.0,-1167.0,13007.0,-15141.0,1.0
19604.0,-12268.0,-4796.0,9174.0,13210.0,-6598.0,1.0
9172.0,-4476.0,5168.0,-11928.0,-24768.0,19465.0,1.0
1124.0,-20416.0,-17084.0,-3530.0,-1269.0,-5009.0,1.0
15136.0,-14284.0,-9448.0,8900.0,14238.0,-7876.0,1.0
9488.0,-7448.0,4196.0,-7777.0,-13744.0,11252.0,1.0
1620.0,-18116.0,-10928.0,-2842.0,-16923.0,4218.0,1.0
11916.0,-14676.0,-15920.0,9621.0,20529.0,-13979.0,1.0
10736.0,-8760.0,-1236.0,-3483.0,-7300.0,6367.0,1.0
1604.0,-15516.0,-7108.0,-6371.0,-11861.0,4296.0,1.0
7200.0,-14672.0,-14376.0,4418.0,10070.0,-7504.0,1.0
11080.0,-11480.0,-2424.0,-1903.0,-2363.0,1950.0,1.0
5332.0,-10764.0,-6672.0,-6354.0,-17034.0,10160.0,1.0
4696.0,-18500.0,-17840.0,754.0,13811.0,-11377.0,1.0
13356.0,-11556.0,-5412.0,820.0,7819.0,-6342.0,1.0
5736.0,-10392.0,-3964.0,-5083.0,-17884.0,11176.0,1.0
2416.0,-16184.0,-18140.0,2661.0,13635.0,-13810.0,1.0
14388.0,-11696.0,-4100.0,3978.0,3825.0,-2887.0,1.0
6400.0,-8036.0,-3464.0,-6643.0,-17276.0,12210.0,1.0
4616.0,-17564.0,-17784.0,4119.0,13367.0,-11941.0,1.0
14740.0,-11356.0,-3592.0,2579.0,5029.0,-3052.0,1.0
6720.0,-8352.0,-2460.0,-6546.0,-21590.0,15643.0,1.0
9724.0,-16756.0,-15760.0,-375.0,8905.0,-6637.0,1.0
10408.0,-11192.0,-7696.0,979.0,92.0,2773.0,1.0
7300.0,-8680.0,-3972.0,-5703.0,-13358.0,12615.0,1.0
5368.0,-15112.0,-14372.0,2257.0,11167.0,-8865.0,1.0
10268.0,-10916.0,-8388.0,678.0,-28.0,1139.0,1.0
6956.0,-11772.0,-7036.0,-930.0,360.0,57.0,1.0
8136.0,-12852.0,-9484.0,266.0,-2845.0,1879.0,1.0
7896.0,-13344.0,-12536.0,978.0,6591.0,-2768.0,1.0
10560.0,-13120.0,-5816.0,283.0,2107.0,-1071.0,1.0
7640.0,-11708.0,-5584.0,-1483.0,-7215.0,4315.0,1.0
7388.0,-13840.0,-11908.0,-620.0,1153.0,-1802.0,1.0
8764.0,-12748.0,-9560.0,1026.0,3968.0,-1558.0,1.0
8232.0,-11336.0,-5512.0,779.0,2680.0,-187.0,1.0
7628.0,-12792.0,-4704.0,-1307.0,-4043.0,1588.0,1.0
7568.0,-11828.0,-7928.0,-2705.0,-7117.0,3402.0,1.0
7016.0,-12380.0,-9712.0,-4964.0,-6034.0,5054.0,1.0
6476.0,-12912.0,-11264.0,-8252.0,-4544.0,4156.0,1.0
7456.0,-15604.0,-13340.0,1092.0,4518.0,-313.0,1.0
6040.0,-13172.0,-10696.0,-786.0,1626.0,-378.0,0.0
6472.0,-11996.0,-10348.0,128.0,1338.0,-201.0,0.0
6424.0,-12580.0,-10848.0,-550.0,728.0,234.0,0.0
6424.0,-12584.0,-10288.0,143.0,721.0,768.0,0.0
6340.0,-13144.0,-10196.0,-455.0,611.0,-109.0,0.0
6664.0,-12552.0,-10524.0,-415.0,125.0,-50.0,0.0
6692.0,-12344.0,-10476.0,-540.0,399.0,201.0,0.0
6632.0,-12748.0,-10348.0,-199.0,32.0,212.0,0.0
6500.0,-12608.0,-10420.0,-166.0,-50.0,-64.0,0.0
6508.0,-12632.0,-10312.0,-285.0,-146.0,119.0,0.0
6548.0,-12576.0,-10392.0,135.0,190.0,-122.0,0.0
6464.0,-12480.0,-10276.0,-329.0,-538.0,247.0,0.0
6408.0,-12612.0,-10432.0,-249.0,-211.0,120.0,0.0
6472.0,-12268.0,-10172.0,-58.0,-162.0,292.0,0.0
6476.0,-12864.0,-10280.0,-122.0,-188.0,381.0,0.0
6432.0,-13028.0,-10524.0,-7.0,-139.0,4.0,0.0
6548.0,-12696.0,-10368.0,-512.0,-73.0,-59.0,0.0
6672.0,-12724.0,-10504.0,-169.0,-219.0,42.0,0.0
6280.0,-12812.0,-10252.0,-456.0,-131.0,-160.0,0.0
6292.0,-12516.0,-10604.0,-317.0,-81.0,-131.0,0.0
6344.0,-12728.0,-10640.0,-46.0,262.0,-25.0,0.0
6232.0,-12536.0,-10252.0,323.0,388.0,-41.0,0.0
6184.0,-12780.0,-10768.0,-49.0,522.0,-123.0,0.0
6168.0,-12560.0,-10436.0,130.0,7.0,329.0,0.0
6272.0,-12380.0,-10080.0,117.0,-41.0,412.0,0.0
6352.0,-12928.0,-10376.0,261.0,129.0,326.0,0.0
6492.0,-13048.0,-10116.0,346.0,472.0,275.0,0.0
6620.0,-12680.0,-10060.0,14.0,-95.0,109.0,0.0
6580.0,-12876.0,-10436.0,127.0,-26.0,-19.0,0.0
6548.0,-12760.0,-9848.0,-10.0,-17.0,-86.0,0.0
6596.0,-12996.0,-10140.0,-341.0,-202.0,-109.0,0.0
6480.0,-12928.0,-10464.0,-272.0,222.0,-442.0,0.0
6336.0,-12984.0,-10468.0,-382.0,-323.0,46.0,0.0
5272.0,-12792.0,-10796.0,-925.0,-1072.0,245.0,0.0
5816.0,-11496.0,-9760.0,349.0,-606.0,426.0,0.0
6552.0,-12900.0,-10460.0,186.0,-926.0,554.0,0.0
6980.0,-13632.0,-10640.0,99.0,-166.0,115.0,0.0
6204.0,-13260.0,-10396.0,-380.0,531.0,142.0,0.0
6164.0,-12896.0,-9724.0,239.0,930.0,-190.0,0.0
5952.0,-12968.0,-10196.0,3464.0,4304.0,-3495.0,0.0
7604.0,-13440.0,-9056.0,3439.0,3927.0,-2542.0,0.0
8116.0,-12440.0,-9232.0,2056.0,3337.0,-2363.0,0.0
8736.0,-12868.0,-8976.0,1396.0,2991.0,-1008.0,0.0
7916.0,-12760.0,-8528.0,769.0,2680.0,-800.0,0.0
8288.0,-12580.0,-7560.0,961.0,2984.0,-1007.0,0.0
7888.0,-13220.0,-7476.0,453.0,2268.0,-556.0,0.0
8068.0,-12932.0,-7916.0,511.0,1990.0,-984.0,0.0
8368.0,-12876.0,-7600.0,465.0,1519.0,-293.0,0.0
8664.0,-12788.0,-7320.0,-313.0,586.0,213.0,0.0
8664.0,-12868.0,-7076.0,-330.0,156.0,493.0,0.0
8500.0,-13156.0,-7084.0,-604.0,-421.0,636.0,0.0
8572.0,-13348.0,-7328.0,-817.0,-554.0,232.0,0.0
8448.0,-13400.0,-7444.0,-602.0,-737.0,226.0,0.0
8372.0,-13060.0,-7540.0,-448.0,-306.0,91.0,0.0
8424.0,-13232.0,-7900.0,-569.0,-225.0,310.0,0.0
8612.0,-13404.0,-8332.0,-376.0,210.0,-245.0,0.0
8040.0,-13364.0,-7768.0,-216.0,-15.0,-300.0,0.0
7960.0,-12880.0,-7464.0,-177.0,-226.0,-675.0,0.0
8072.0,-12736.0,-7792.0,-66.0,-675.0,-212.0,0.0
8344.0,-12904.0,-7952.0,-761.0,-55.0,-755.0,0.0
8320.0,-12796.0,-7984.0,-40.0,-353.0,-250.0,0.0
8308.0,-12692.0,-8016.0,-444.0,-198.0,-183.0,0.0
8772.0,-13076.0,-7708.0,-577.0,-561.0,81.0,0.0
8512.0,-13408.0,-8044.0,-273.0,-407.0,-238.0,0.0
8452.0,-12952.0,-8140.0,-409.0,238.0,-796.0,0.0
8560.0,-12412.0,-8080.0,-188.0,-101.0,-350.0,0.0
8692.0,-12352.0,-8048.0,-272.0,-15.0,-118.0,0.0
8724.0,-12824.0,-8036.0,-800.0,-1069.0,560.0,0.0
8544.0,-12768.0,-7764.0,-342.0,-1926.0,758.0,0.0
8220.0,-12916.0,-7844.0,-982.0,-1844.0,791.0,0.0
8356.0,-12640.0,-8216.0,-1095.0,-1610.0,1306.0,0.0
8172.0,-12760.0,-8080.0,-2227.0,-2239.0,2750.0,0.0
6704.0,-13444.0,-8768.0,-3272.0,-4265.0,1725.0,0.0
6496.0,-13080.0,-8960.0,-3036.0,-6711.0,2158.0,0.0
5780.0,-12368.0,-10264.0,-3618.0,-6731.0,1237.0,0.0
6000.0,-12224.0,-14124.0,-1459.0,1001.0,-1900.0,0.0
7024.0,-11828.0,-10652.0,-337.0,-100.0,303.0,0.0
6348.0,-12636.0,-10236.0,25.0,386.0,-119.0,0.0
6276.0,-12900.0,-11060.0,-198.0,15.0,-454.0,0.0
6524.0,-12344.0,-10864.0,-53.0,-302.0,-226.0,0.0
6316.0,-12436.0,-10752.0,4.0,-67.0,-10.0,0.0
6040.0,-12796.0,-10740.0,108.0,-66.0,-244.0,0.0
6228.0,-12540.0,-10656.0,-75.0,-22.0,-524.0,0.0
6376.0,-12364.0,-10720.0,-100.0,239.0,-488.0,0.0
6500.0,-12328.0,-10728.0,467.0,211.0,-340.0,0.0
6604.0,-12624.0,-10756.0,123.0,557.0,-489.0,0.0
6680.0,-12520.0,-10592.0,357.0,424.0,-249.0,0.0
6548.0,-11784.0,-10876.0,-56.0,77.0,-67.0,0.0
6576.0,-12308.0,-10480.0,168.0,-244.0,142.0,0.0
6516.0,-12752.0,-10544.0,42.0,-230.0,269.0,0.0
6504.0,-12452.0,-10424.0,127.0,-213.0,-38.0,0.0
7096.0,-12568.0,-11508.0,457.0,-1125.0,709.0,0.0
6704.0,-12636.0,-18392.0,13686.0,5833.0,-3968.0,0.0
9476.0,-17300.0,-6452.0,18468.0,32767.0,-16181.0,0.0
11228.0,-8516.0,6232.0,-17581.0,-29214.0,10823.0,0.0
-1548.0,-11464.0,-14568.0,889.0,-4147.0,-3389.0,0.0
13692.0,-13124.0,-7056.0,3507.0,12684.0,-7398.0,0.0
5632.0,-13128.0,-3204.0,1021.0,-5667.0,6413.0,0.0
9236.0,-12800.0,-6768.0,1450.0,11590.0,-9242.0,0.0
10464.0,-10900.0,-4260.0,-679.0,-9260.0,6876.0,0.0
4676.0,-15204.0,-12184.0,-224.0,6075.0,-7505.0,0.0
10036.0,-11604.0,-7872.0,3383.0,21723.0,-13850.0,1.0
15572.0,-10404.0,3200.0,-9195.0,-19971.0,10844.0,1.0
-2072.0,-15224.0,-13904.0,-1928.0,-15411.0,6465.0,1.0
13348.0,-13612.0,-11484.0,5087.0,21501.0,-12175.0,1.0
11800.0,-11172.0,-1108.0,1809.0,-9203.0,12735.0,1.0
-1012.0,-15476.0,-10660.0,-8064.0,-330.0,-8207.0,1.0
13488.0,-11528.0,-8520.0,3967.0,25927.0,-18855.0,1.0
10900.0,-6656.0,108.0,-4747.0,-18120.0,13051.0,1.0
-524.0,-16996.0,-14040.0,-2951.0,2598.0,-7685.0,1.0
18488.0,-11020.0,-6580.0,5485.0,10341.0,-7280.0,1.0
11364.0,-7228.0,-2216.0,-4330.0,-19651.0,19635.0,1.0
3380.0,-17672.0,-13824.0,584.0,4331.0,-4169.0,1.0
10324.0,-12160.0,-9060.0,-5113.0,-392.0,-916.0,1.0
9896.0,-12996.0,-7648.0,-2575.0,-2294.0,3660.0,1.0
5448.0,-10920.0,-9140.0,-2764.0,-1770.0,-1146.0,1.0
8624.0,-12480.0,-9812.0,2879.0,16021.0,-8916.0,1.0
12976.0,-8872.0,-4888.0,-5106.0,-8937.0,5610.0,1.0
4444.0,-13444.0,-10884.0,3446.0,-8161.0,5819.0,1.0
10360.0,-12936.0,-10720.0,-431.0,10854.0,-5092.0,1.0
10868.0,-11856.0,-5256.0,-103.0,-9382.0,7491.0,1.0
6388.0,-10296.0,-7360.0,-9334.0,-19609.0,13456.0,1.0
2852.0,-13968.0,-15416.0,1202.0,10423.0,-8185.0,1.0
12416.0,-13112.0,-9304.0,1428.0,2407.0,-1996.0,1.0
6720.0,-9856.0,-8756.0,-1012.0,-11720.0,11005.0,1.0
3720.0,-13636.0,-13644.0,612.0,11606.0,-6516.0,1.0
9468.0,-12648.0,-8920.0,4207.0,7974.0,-2396.0,1.0
8844.0,-11556.0,-5848.0,-2261.0,-8188.0,5992.0,1.0
4764.0,-10180.0,-8860.0,-10463.0,-21390.0,15073.0,1.0
268.0,-13240.0,-16864.0,3961.0,16011.0,-11347.0,1.0
11468.0,-14260.0,-9584.0,1063.0,7195.0,-5216.0,1.0
5612.0,-9948.0,-8968.0,4927.0,-5093.0,2954.0,1.0
7476.0,-12244.0,-9820.0,-4143.0,223.0,-185.0,1.0
5160.0,-12244.0,-11480.0,1331.0,1228.0,-573.0,1.0
7732.0,-13288.0,-9844.0,261.0,3669.0,-1286.0,1.0
5444.0,-11824.0,-8772.0,-1254.0,-7320.0,5156.0,1.0
4528.0,-13776.0,-11672.0,-3035.0,8476.0,-4628.0,1.0
9560.0,-11292.0,-8860.0,1245.0,984.0,-2107.0,1.0
6152.0,-12896.0,-10112.0,3197.0,-9515.0,5584.0,1.0
4440.0,-13896.0,-12368.0,-6172.0,5255.0,-3501.0,1.0
8028.0,-10760.0,-10592.0,-2845.0,8678.0,-4567.0,1.0
7692.0,-11724.0,-9052.0,5216.0,-1725.0,4290.0,1.0
7092.0,-12184.0,-10004.0,-8125.0,2505.0,-563.0,1.0
7852.0,-10752.0,-10664.0,2897.0,-2122.0,2939.0,1.0
5232.0,-14128.0,-12992.0,1828.0,7241.0,-5046.0,1.0
10904.0,-12540.0,-8372.0,3846.0,10548.0,-6588.0,1.0
8412.0,-10200.0,-6988.0,-2062.0,-11192.0,6973.0,1.0
6012.0,-13148.0,-12800.0,2538.0,7945.0,-4764.0,1.0
11700.0,-11852.0,-7580.0,-359.0,2763.0,-3790.0,1.0
9108.0,-10452.0,-6848.0,-2964.0,-12414.0,7265.0,1.0
3744.0,-13444.0,-13496.0,442.0,3350.0,-3480.0,1.0
10628.0,-13244.0,-8620.0,4857.0,8455.0,-5601.0,1.0
9492.0,-10856.0,-5452.0,-3441.0,-10154.0,5585.0,1.0
5416.0,-11828.0,-10932.0,433.0,-7542.0,2843.0,1.0
8300.0,-14100.0,-10424.0,3432.0,-712.0,-3655.0,1.0
7960.0,-12500.0,-9576.0,5777.0,-5357.0,-2708.0,1.0
7872.0,-12432.0,-9144.0,3857.0,-5139.0,-4186.0,1.0
7920.0,-11664.0,-8956.0,554.0,-4714.0,-5088.0,0.0
7368.0,-11952.0,-9332.0,1375.0,-7245.0,-2145.0,0.0
7272.0,-12744.0,-10628.0,-2393.0,-3526.0,-2348.0,0.0
7632.0,-12608.0,-10612.0,-438.0,-3711.0,-1925.0,0.0
7252.0,-12156.0,-10896.0,35.0,-3533.0,-1916.0,0.0
7376.0,-10600.0,-11092.0,2049.0,-4308.0,-714.0,0.0
7324.0,-12248.0,-11068.0,4328.0,-4279.0,-24.0,0.0
7240.0,-12832.0,-9844.0,1455.0,-771.0,-1417.0,0.0
7420.0,-13724.0,-9300.0,-362.0,-1914.0,-2759.0,0.0
7924.0,-13172.0,-9536.0,1071.0,-1188.0,-3971.0,0.0
11056.0,-10704.0,-11156.0,-3.0,1202.0,-3715.0,0.0
9616.0,-10528.0,-11292.0,-1436.0,3799.0,-2027.0,0.0
8492.0,-10592.0,-11252.0,-1008.0,6069.0,-3431.0,0.0
8912.0,-11324.0,-10204.0,-151.0,7106.0,-2552.0,0.0
9732.0,-12552.0,-10028.0,169.0,4581.0,-3814.0,0.0
9384.0,-11432.0,-8748.0,1421.0,4498.0,-1650.0,0.0
10032.0,-11600.0,-8172.0,566.0,2373.0,-1532.0,0.0
10556.0,-10384.0,-7800.0,154.0,480.0,-898.0,0.0
10956.0,-11144.0,-8528.0,-29.0,176.0,-593.0,0.0
11232.0,-10772.0,-8508.0,708.0,812.0,-252.0,0.0
11152.0,-11056.0,-8224.0,199.0,-38.0,-179.0,0.0
11024.0,-10736.0,-7908.0,599.0,243.0,103.0,0.0
10896.0,-11064.0,-7848.0,30.0,51.0,-361.0,0.0
11024.0,-11004.0,-8072.0,-381.0,-673.0,76.0,0.0
11328.0,-10880.0,-8764.0,-196.0,-267.0,-10.0,0.0
11032.0,-10996.0,-8264.0,-363.0,-160.0,194.0,0.0
10868.0,-10876.0,-8092.0,-536.0,355.0,-24.0,0.0
11040.0,-10704.0,-8480.0,-594.0,436.0,-458.0,0.0
10948.0,-10776.0,-8312.0,-506.0,174.0,33.0,0.0
11592.0,-12296.0,-7976.0,-238.0,918.0,-720.0,0.0
10976.0,-10864.0,-8232.0,-464.0,-77.0,207.0,0.0
10960.0,-11020.0,-8044.0,-316.0,37.0,327.0,0.0
10908.0,-11200.0,-8076.0,-24.0,-74.0,393.0,0.0
11048.0,-11116.0,-8048.0,-99.0,-673.0,177.0,0.0
10928.0,-11020.0,-8228.0,-51.0,-366.0,-77.0,0.0
11060.0,-10688.0,-8104.0,-219.0,-286.0,-111.0,0.0
10876.0,-10980.0,-8372.0,-225.0,-39.0,33.0,0.0
10816.0,-10880.0,-8232.0,-114.0,-639.0,165.0,0.0
10732.0,-10980.0,-8084.0,-256.0,-355.0,559.0,0.0
10648.0,-10992.0,-8428.0,260.0,-856.0,828.0,0.0
10324.0,-11020.0,-8216.0,526.0,-1357.0,1544.0,0.0
10236.0,-10972.0,-8388.0,1047.0,-2220.0,2317.0,0.0
9920.0,-11408.0,-8812.0,697.0,-2941.0,2296.0,0.0
9824.0,-11896.0,-8932.0,159.0,-3106.0,1558.0,0.0
9092.0,-11448.0,-8848.0,448.0,-3647.0,2016.0,0.0
8736.0,-12136.0,-9260.0,1439.0,-5604.0,3270.0,1.0
8632.0,-12284.0,-9368.0,1200.0,-4975.0,3246.0,1.0
7616.0,-12888.0,-9196.0,1927.0,-6463.0,3248.0,1.0
7592.0,-12832.0,-9844.0,1714.0,-2641.0,2881.0,1.0
8188.0,-14984.0,-10180.0,2632.0,640.0,2038.0,1.0
6940.0,-13408.0,-8368.0,2630.0,2074.0,3049.0,1.0
6908.0,-13416.0,-8280.0,3114.0,1917.0,2597.0,1.0
6964.0,-14164.0,-8172.0,1770.0,3478.0,999.0,1.0
7364.0,-14428.0,-7712.0,2751.0,3029.0,490.0,1.0
7500.0,-15544.0,-8164.0,-22.0,6252.0,-1762.0,1.0
8272.0,-14828.0,-7968.0,1678.0,11786.0,-4449.0,1.0
9548.0,-13108.0,-6288.0,2047.0,18137.0,-5954.0,1.0
10596.0,-13212.0,-1760.0,-2177.0,-4335.0,4244.0,1.0
3496.0,-13012.0,-5356.0,-5937.0,-8264.0,3842.0,1.0
8864.0,-13448.0,-7628.0,-3864.0,12517.0,-9825.0,1.0
12020.0,-11760.0,-5344.0,3991.0,2802.0,-1911.0,1.0
9052.0,-10520.0,-4152.0,-6742.0,-11293.0,7908.0,1.0
3716.0,-17424.0,-12300.0,-1768.0,7107.0,-10835.0,1.0
14536.0,-10280.0,-4452.0,8008.0,10722.0,-4875.0,1.0
9192.0,-11608.0,-1336.0,-10000.0,-13870.0,12459.0,1.0
3116.0,-15556.0,-12916.0,-1829.0,4345.0,-11128.0,1.0
14908.0,-12336.0,-5104.0,9769.0,7049.0,-2744.0,1.0
10104.0,-8376.0,-2248.0,-10767.0,-13521.0,14452.0,1.0
1316.0,-20436.0,-14024.0,928.0,4055.0,-8690.0,1.0
14204.0,-12204.0,-6736.0,8801.0,11630.0,-8514.0,1.0
11816.0,-8660.0,-328.0,-8203.0,-3349.0,4392.0,1.0
2184.0,-13360.0,-8928.0,488.0,-18872.0,12559.0,1.0
8728.0,-14596.0,-13772.0,6668.0,30892.0,-21763.0,1.0
18192.0,-8796.0,4448.0,-1471.0,-2411.0,3406.0,1.0
-3284.0,-8512.0,-4772.0,-1198.0,-27286.0,19903.0,1.0
13600.0,-15736.0,-15476.0,-1588.0,21828.0,-18961.0,1.0
16448.0,-8600.0,1852.0,4205.0,-3202.0,10629.0,1.0
-2036.0,-12668.0,-3572.0,-2884.0,-17527.0,9394.0,1.0
11764.0,-15792.0,-14312.0,5764.0,16549.0,-10998.0,1.0
14868.0,-10144.0,1032.0,-4201.0,179.0,2548.0,1.0
-624.0,-11816.0,-4812.0,1067.0,-23224.0,18074.0,1.0
11892.0,-18992.0,-14496.0,2254.0,16395.0,-13738.0,1.0
13644.0,-10440.0,2084.0,2917.0,6684.0,-2931.0,1.0
3052.0,-5940.0,-480.0,-5075.0,-28290.0,23274.0,1.0
8780.0,-21092.0,-18408.0,260.0,18046.0,-15947.0,1.0
12548.0,-11936.0,1132.0,4944.0,8217.0,-3785.0,1.0
3576.0,-7392.0,2288.0,-3572.0,-15157.0,10093.0,1.0
7048.0,-16424.0,-11980.0,-4097.0,-1422.0,-2516.0,1.0
9800.0,-14992.0,-9004.0,1250.0,5020.0,-658.0,1.0
9004.0,-13244.0,-1440.0,-1148.0,3167.0,-1106.0,0.0
8184.0,-13284.0,-4852.0,-3940.0,-4683.0,862.0,0.0
8900.0,-12576.0,-7944.0,-3842.0,-2781.0,729.0,0.0
7832.0,-13028.0,-6564.0,-3412.0,-2072.0,2434.0,0.0
7836.0,-12576.0,-6996.0,-6790.0,-1326.0,2149.0,0.0
7240.0,-13232.0,-9016.0,-4030.0,-2760.0,2786.0,0.0
7440.0,-13344.0,-9636.0,-4298.0,-641.0,1338.0,0.0
7112.0,-13316.0,-9736.0,-1902.0,212.0,1662.0,0.0
7464.0,-13108.0,-9680.0,-4569.0,793.0,694.0,0.0
7296.0,-12652.0,-10180.0,-2753.0,1173.0,1901.0,0.0
7256.0,-12736.0,-10292.0,-3425.0,1863.0,1340.0,0.0
7316.0,-12936.0,-10076.0,-1261.0,1930.0,1843.0,0.0
6788.0,-13028.0,-10132.0,-1124.0,1191.0,557.0,0.0
6872.0,-12624.0,-9868.0,-1435.0,487.0,1518.0,0.0
6180.0,-12316.0,-10560.0,-2070.0,-217.0,1001.0,0.0
6000.0,-12952.0,-10932.0,-1044.0,101.0,611.0,0.0
6076.0,-12072.0,-10492.0,-1708.0,15.0,746.0,0.0
6144.0,-12392.0,-10252.0,-161.0,107.0,345.0,0.0
6424.0,-12496.0,-10904.0,-1453.0,455.0,104.0,0.0
7456.0,-13360.0,-10772.0,624.0,1264.0,-260.0,0.0
7304.0,-12500.0,-9936.0,-290.0,1691.0,-473.0,0.0
6960.0,-12420.0,-10108.0,311.0,198.0,204.0,0.0
7088.0,-11960.0,-10444.0,-367.0,102.0,110.0,0.0
6628.0,-12348.0,-10260.0,-5.0,-187.0,791.0,0.0
6360.0,-12520.0,-10240.0,-473.0,-541.0,1171.0,0.0
6604.0,-12760.0,-10372.0,606.0,-366.0,798.0,0.0
6576.0,-13120.0,-10492.0,-74.0,132.0,287.0,0.0
6324.0,-12676.0,-10192.0,263.0,709.0,91.0,0.0
