aX,aY,aZ,gX,gY,gZ,Result
-4472.0,-13616.0,-7924.0,295.0,-785.0,2384.0,0.0
-4652.0,-13632.0,-7852.0,456.0,-965.0,-161.0,0.0
-5192.0,-13992.0,-7788.0,380.0,-1123.0,-3195.0,0.0
-3724.0,-13300.0,-8056.0,-33.0,353.0,-1401.0,0.0
-4820.0,-15560.0,-7512.0,478.0,721.0,-1853.0,0.0
-4132.0,-14988.0,-7768.0,-1452.0,1599.0,-3049.0,0.0
-2080.0,-14480.0,-9620.0,-1534.0,409.0,-9878.0,0.0
-680.0,-15020.0,-8140.0,-1937.0,-7361.0,-13518.0,0.0
-2000.0,-13264.0,-7228.0,-751.0,-10928.0,-8358.0,0.0
-6052.0,-17492.0,-14564.0,2706.0,2245.0,-11763.0,0.0
3356.0,-14288.0,-9268.0,-2458.0,6583.0,-11332.0,0.0
8212.0,-11392.0,-8348.0,7486.0,-12838.0,7294.0,0.0
-12136.0,-13064.0,-232.0,5980.0,-13548.0,9276.0,0.0
-1976.0,-16736.0,-9044.0,-13964.0,10916.0,-14319.0,0.0
14416.0,-5052.0,-13544.0,-5597.0,426.0,3412.0,0.0
-8552.0,204.0,-968.0,26800.0,-28323.0,18742.0,0.0
-8936.0,-32768.0,-4552.0,-14747.0,18776.0,-7776.0,0.0
14572.0,-2152.0,-12792.0,-1157.0,442.0,660.0,0.0
-8740.0,-3372.0,1744.0,22037.0,-18131.0,17991.0,0.0
-4192.0,-25964.0,-8960.0,-12325.0,13915.0,-4681.0,0.0
6664.0,-11952.0,-6940.0,7081.0,-92.0,-5954.0,0.0
-3576.0,-14380.0,-4756.0,4417.0,-5294.0,2493.0,0.0
-2624.0,-17264.0,-5712.0,-865.0,2929.0,-2946.0,0.0
-836.0,-16372.0,-3992.0,-5507.0,5548.0,-9673.0,0.0
3372.0,-13392.0,-6144.0,-10146.0,4259.0,-5428.0,0.0
6452.0,-12740.0,-10792.0,2399.0,-5519.0,10602.0,0.0
-4804.0,-9732.0,-5668.0,8509.0,-16555.0,15575.0,0.0
-6268.0,-22816.0,-8036.0,-6883.0,13347.0,-5162.0,0.0
5908.0,-11072.0,-6708.0,-882.0,4144.0,-7293.0,0.0
1804.0,-15264.0,-7700.0,11204.0,-18311.0,24727.0,0.0
-14344.0,-17128.0,1712.0,-2678.0,2781.0,-7444.0,0.0
3412.0,-10860.0,-9032.0,-14222.0,10429.0,-8204.0,0.0
3468.0,-12428.0,-11108.0,15173.0,-15158.0,16379.0,0.0
-18352.0,-25424.0,4524.0,-5222.0,6405.0,-15136.0,0.0
6000.0,-8568.0,-11304.0,-22068.0,13040.0,-7751.0,0.0
4948.0,-8796.0,-13304.0,22757.0,-20959.0,17471.0,0.0
-17632.0,-27244.0,3124.0,-3654.0,11160.0,-10900.0,0.0
3592.0,-7936.0,-10056.0,-15937.0,8644.0,-4635.0,0.0
724.0,-9656.0,-10756.0,21328.0,-17665.0,11675.0,0.0
-15864.0,-29316.0,884.0,627.0,11201.0,-12873.0,0.0
4432.0,-9404.0,-8400.0,-13320.0,12109.0,-6763.0,0.0
2636.0,-8776.0,-7456.0,20674.0,-14610.0,7695.0,0.0
-8284.0,-25876.0,-1636.0,-3373.0,8325.0,-4050.0,0.0
1456.0,-11588.0,-5988.0,-2323.0,4798.0,-7741.0,0.0
1704.0,-15092.0,-5732.0,4320.0,102.0,-5654.0,0.0
200.0,-15960.0,-4824.0,-1086.0,1467.0,842.0,0.0
-292.0,-15428.0,-5784.0,-575.0,-1070.0,857.0,0.0
-852.0,-15800.0,-5708.0,-977.0,-232.0,948.0,0.0
392.0,-15488.0,-5744.0,-1059.0,-1179.0,487.0,0.0
-736.0,-17240.0,-5756.0,-4066.0,-1566.0,-2051.0,1.0
1428.0,-14100.0,-7076.0,-3511.0,-1218.0,-1258.0,1.0
576.0,-15856.0,-5928.0,-273.0,-2258.0,-2571.0,1.0
1700.0,-15264.0,-7660.0,-3356.0,-2849.0,3495.0,1.0
1772.0,-14060.0,-9240.0,6899.0,-12514.0,18780.0,1.0
-10188.0,-14744.0,-1760.0,989.0,-4722.0,-1281.0,1.0
-2456.0,-16744.0,-7764.0,-12237.0,12831.0,-7284.0,1.0
4936.0,-13132.0,-10876.0,5753.0,-5689.0,1701.0,1.0
-8008.0,-13872.0,-528.0,4001.0,-12016.0,10019.0,1.0
-5508.0,-19712.0,-5996.0,-17807.0,18041.0,-7105.0,1.0
6660.0,-9624.0,-13884.0,-2742.0,-3034.0,2630.0,1.0
-7832.0,-6680.0,-1872.0,16428.0,-22880.0,13290.0,1.0
-8388.0,-24564.0,-6620.0,-20883.0,24607.0,-8337.0,1.0
8704.0,-6932.0,-14888.0,2431.0,-3893.0,-913.0,1.0
-9672.0,-7180.0,2392.0,17349.0,-23231.0,10961.0,1.0
-6680.0,-21260.0,-8252.0,-20591.0,20245.0,-2965.0,1.0
7012.0,-8880.0,-15368.0,8870.0,-5675.0,455.0,1.0
-12344.0,-12212.0,5080.0,10819.0,-10521.0,2162.0,1.0
-2272.0,-14964.0,-8820.0,-24810.0,19210.0,-4139.0,1.0
7216.0,-8156.0,-15240.0,12943.0,-10423.0,3939.0,1.0
-15248.0,-15528.0,6792.0,13609.0,-9443.0,-6450.0,1.0
-452.0,-13572.0,-9808.0,-30185.0,19905.0,-3241.0,1.0
8544.0,-7892.0,-15864.0,14341.0,-14767.0,8392.0,1.0
-20304.0,-18848.0,7264.0,11594.0,-4354.0,-9325.0,1.0
2968.0,-8348.0,-11784.0,-27592.0,16521.0,-2462.0,1.0
6920.0,-8908.0,-13804.0,24349.0,-21406.0,8867.0,1.0
-21940.0,-26244.0,6548.0,-3954.0,7410.0,-8171.0,1.0
4216.0,-6744.0,-12136.0,-23642.0,16756.0,-5997.0,1.0
6140.0,-7780.0,-14456.0,24819.0,-24776.0,13692.0,1.0
-22144.0,-29876.0,4568.0,-5556.0,12590.0,-11343.0,1.0
5184.0,-4892.0,-12336.0,-16573.0,14978.0,-7909.0,1.0
4408.0,-9176.0,-12256.0,26620.0,-26198.0,13593.0,1.0
-21440.0,-32692.0,4976.0,-11673.0,18219.0,-11663.0,1.0
7268.0,-3436.0,-11444.0,-13279.0,12161.0,-8037.0,1.0
3888.0,-8220.0,-10316.0,27571.0,-27890.0,16758.0,1.0
-18888.0,-30532.0,3564.0,-15637.0,18516.0,-10241.0,1.0
6104.0,-5320.0,-12316.0,-12185.0,11162.0,-8385.0,1.0
3464.0,-8796.0,-10564.0,26284.0,-26505.0,18371.0,1.0
-20700.0,-30920.0,5076.0,-12602.0,16951.0,-11405.0,1.0
5980.0,-5580.0,-11428.0,-15342.0,14504.0,-7686.0,1.0
6308.0,-8712.0,-12580.0,24963.0,-26744.0,19372.0,1.0
-23804.0,-32228.0,7184.0,-3877.0,9079.0,-14122.0,1.0
5808.0,-5728.0,-11336.0,-23712.0,17850.0,-6555.0,1.0
5740.0,-8396.0,-12792.0,26044.0,-24914.0,14963.0,1.0
-20128.0,-29920.0,4364.0,-5707.0,7768.0,-7621.0,1.0
3988.0,-5940.0,-11400.0,-18752.0,15888.0,-5497.0,1.0
5324.0,-8924.0,-12228.0,26243.0,-24946.0,12464.0,1.0
-19876.0,-29020.0,4936.0,-9579.0,12392.0,-5174.0,1.0
3384.0,-5800.0,-10672.0,-17208.0,14052.0,-7046.0,1.0
4716.0,-10544.0,-12848.0,22610.0,-23312.0,14024.0,1.0
-21208.0,-26344.0,5712.0,-8398.0,10977.0,-11674.0,1.0
5084.0,-5948.0,-11808.0,-18608.0,16405.0,-8304.0,1.0
6084.0,-8728.0,-13004.0,25580.0,-23938.0,13388.0,1.0
-22032.0,-32488.0,5492.0,-6463.0,11337.0,-10440.0,1.0
6596.0,-4356.0,-11960.0,-18436.0,15098.0,-5072.0,1.0
4524.0,-8324.0,-10920.0,28710.0,-28459.0,16437.0,1.0
-21300.0,-32640.0,5680.0,-14259.0,19315.0,-8707.0,1.0
6636.0,-2284.0,-12328.0,-9176.0,11683.0,-11070.0,1.0
2700.0,-7696.0,-8056.0,25717.0,-23702.0,7788.0,1.0
-14104.0,-31020.0,-404.0,-3835.0,9547.0,-7900.0,1.0
1700.0,-11540.0,-8784.0,-17338.0,13426.0,-27778.0,1.0
10516.0,-6508.0,-10796.0,17924.0,-14953.0,10493.0,1.0
-13740.0,-24964.0,5540.0,8108.0,-7744.0,-5148.0,1.0
1964.0,-10980.0,-8384.0,-7030.0,10981.0,-2695.0,1.0
5348.0,-14280.0,-7192.0,10206.0,-10348.0,10438.0,1.0
-11176.0,-18396.0,1052.0,-6465.0,-87.0,5596.0,1.0
684.0,-13816.0,-8528.0,-7509.0,14950.0,-6285.0,1.0
6100.0,-12652.0,-8556.0,11116.0,-11541.0,8783.0,1.0
-12896.0,-19936.0,1524.0,-40.0,-1237.0,-1582.0,1.0
-240.0,-12888.0,-8312.0,-12148.0,15155.0,-7792.0,1.0
7024.0,-12048.0,-8932.0,11248.0,-8569.0,7635.0,1.0
-15204.0,-21176.0,4852.0,2971.0,-4370.0,-2279.0,1.0
508.0,-9348.0,-6764.0,-17935.0,14526.0,-2233.0,1.0
6660.0,-11388.0,-9972.0,12465.0,-12988.0,6368.0,1.0
-13660.0,-15608.0,6688.0,2061.0,-5643.0,1363.0,1.0
-1716.0,-14404.0,-7448.0,-12339.0,16998.0,-7979.0,1.0
7004.0,-13552.0,-10428.0,8297.0,-8031.0,5602.0,1.0
-10960.0,-14060.0,2588.0,5144.0,-11674.0,3490.0,1.0
-2836.0,-15916.0,-8220.0,-14688.0,16271.0,-4651.0,1.0
6620.0,-12692.0,-10360.0,9783.0,-9099.0,4005.0,1.0
-11632.0,-16412.0,3044.0,6152.0,-12933.0,2297.0,1.0
-3368.0,-15344.0,-7920.0,-20026.0,19333.0,-3598.0,1.0
6944.0,-12268.0,-11628.0,8865.0,-8442.0,2158.0,1.0
-9388.0,-13700.0,2816.0,8730.0,-18100.0,11782.0,1.0
-7268.0,-18144.0,-8276.0,-14823.0,19589.0,-4788.0,1.0
3288.0,-12916.0,-8740.0,4985.0,1467.0,-7328.0,1.0
-2996.0,-14732.0,-3556.0,5541.0,-6542.0,2201.0,1.0
-5836.0,-15180.0,-5332.0,1186.0,721.0,-1274.0,1.0
-3360.0,-17108.0,-3932.0,439.0,5763.0,-5419.0,1.0
-296.0,-15100.0,-4704.0,-1015.0,3554.0,-2774.0,1.0
-20.0,-15772.0,-5328.0,-968.0,19.0,-354.0,1.0
-1292.0,-15836.0,-5184.0,-1238.0,-634.0,377.0,1.0
-1724.0,-15548.0,-5396.0,-2994.0,461.0,-1016.0,1.0
-32.0,-15728.0,-5468.0,-3498.0,482.0,-6227.0,1.0
512.0,-15416.0,-6232.0,-6616.0,-1612.0,-4660.0,0.0
664.0,-13628.0,-8144.0,-2928.0,-3366.0,2001.0,0.0
880.0,-13252.0,-7792.0,2337.0,-5431.0,2820.0,0.0
-748.0,-14552.0,-7696.0,4606.0,-7608.0,10169.0,0.0
-5580.0,-15284.0,-4768.0,5496.0,-7690.0,6937.0,0.0
-5464.0,-17784.0,-5432.0,-1623.0,4535.0,-2181.0,0.0
-1336.0,-14636.0,-6596.0,735.0,313.0,-1638.0,0.0
-2920.0,-15968.0,-5596.0,-1023.0,-407.0,1576.0,0.0
-3180.0,-14856.0,-6060.0,-324.0,-722.0,251.0,0.0
-3100.0,-15312.0,-5576.0,-61.0,95.0,206.0,0.0
-2532.0,-14736.0,-5656.0,-566.0,-687.0,-230.0,0.0
-3032.0,-14760.0,-5620.0,-362.0,-1232.0,422.0,0.0
-3324.0,-14832.0,-5996.0,-578.0,-1798.0,263.0,0.0
-3660.0,-15188.0,-5976.0,-696.0,105.0,-251.0,0.0
-2848.0,-14716.0,-6152.0,-183.0,-986.0,48.0,0.0
-3312.0,-15160.0,-5780.0,-564.0,-1152.0,127.0,0.0
-3620.0,-14472.0,-6092.0,-34.0,52.0,214.0,0.0
-3348.0,-14836.0,-6244.0,91.0,-506.0,559.0,0.0
-3440.0,-14836.0,-5976.0,-12.0,371.0,583.0,0.0
-2788.0,-14712.0,-5756.0,1218.0,584.0,687.0,0.0
-2796.0,-15360.0,-5092.0,943.0,-1604.0,1079.0,0.0
-2372.0,-15528.0,-6120.0,180.0,-3676.0,153.0,0.0
-3256.0,-14880.0,-5324.0,274.0,-8885.0,-3245.0,0.0
-4728.0,-16536.0,-4380.0,-567.0,-6270.0,-2579.0,0.0
-3492.0,-14964.0,-5360.0,-2515.0,-4169.0,-693.0,0.0
-3784.0,-14816.0,-5392.0,-1429.0,-6048.0,274.0,0.0
-4960.0,-14792.0,-4868.0,-1837.0,-4277.0,4123.0,0.0
-5600.0,-14696.0,-4832.0,-1381.0,-2615.0,5030.0,0.0
-6808.0,-14288.0,-5024.0,-1208.0,1532.0,5889.0,0.0
-6788.0,-13660.0,-5488.0,844.0,3851.0,4577.0,0.0
-7296.0,-14172.0,-5684.0,2278.0,4744.0,4891.0,0.0
-8012.0,-14076.0,-4760.0,3564.0,6884.0,5296.0,0.0
-6168.0,-14456.0,-5640.0,2060.0,10017.0,5940.0,0.0
-6128.0,-14404.0,-4256.0,1937.0,8591.0,5447.0,0.0
-5256.0,-13544.0,-5332.0,-970.0,5630.0,1769.0,0.0
-5304.0,-14168.0,-5808.0,-3102.0,3630.0,3745.0,0.0
-5508.0,-12792.0,-6752.0,-2333.0,-626.0,3057.0,0.0
-6040.0,-14040.0,-7300.0,-2695.0,-6299.0,-2168.0,0.0
-8092.0,-14676.0,-6944.0,-5651.0,-11078.0,-13062.0,0.0
-9416.0,-14664.0,-6080.0,-7250.0,-9347.0,-18227.0,0.0
-7216.0,-14192.0,-7704.0,-5274.0,-1105.0,-14100.0,0.0
-4404.0,-12988.0,-7676.0,-3617.0,-468.0,-9471.0,0.0
-2056.0,-11488.0,-8172.0,-280.0,-2587.0,-4918.0,0.0
-2696.0,-11652.0,-7984.0,2248.0,-6935.0,1995.0,0.0
-4332.0,-12588.0,-7728.0,1364.0,-8053.0,9282.0,0.0
-8984.0,-13068.0,-6624.0,3685.0,-4140.0,19982.0,0.0
-11212.0,-14896.0,-7376.0,8948.0,7041.0,19654.0,0.0
-11672.0,-13572.0,-4912.0,2606.0,9069.0,8295.0,0.0
-8316.0,-15836.0,-6716.0,-802.0,13119.0,-1890.0,0.0
-5668.0,-11264.0,-6316.0,-1520.0,7998.0,-1448.0,0.0
-3752.0,-11072.0,-7976.0,-1079.0,5472.0,-541.0,0.0
-4684.0,-9916.0,-7780.0,2949.0,1321.0,2577.0,0.0
-5824.0,-11248.0,-6964.0,3928.0,-2488.0,2334.0,0.0
-6700.0,-13416.0,-5812.0,4923.0,-6893.0,461.0,0.0
-8048.0,-12700.0,-5548.0,5817.0,-7900.0,-3245.0,0.0
-8104.0,-14856.0,-5548.0,4813.0,-5633.0,-8685.0,0.0
-7384.0,-15352.0,-4276.0,4323.0,-6191.0,-9558.0,0.0
-5784.0,-16040.0,-3624.0,1969.0,-5672.0,-8601.0,0.0
-6940.0,-15336.0,-3212.0,-1064.0,-7407.0,-4398.0,0.0
-7068.0,-14228.0,-4460.0,-386.0,-4050.0,-1448.0,0.0
-7260.0,-14176.0,-3848.0,163.0,-1632.0,458.0,0.0
-7500.0,-14428.0,-3900.0,-479.0,318.0,3488.0,0.0
-7960.0,-14324.0,-3244.0,1149.0,2330.0,1922.0,0.0
-7300.0,-14564.0,-3656.0,1274.0,3345.0,2623.0,0.0
-6884.0,-13776.0,-3364.0,819.0,3334.0,3871.0,0.0
-6744.0,-14520.0,-3092.0,2126.0,3488.0,2649.0,0.0
-6452.0,-13304.0,-3024.0,1019.0,3195.0,3874.0,0.0
-5300.0,-13580.0,-3244.0,2087.0,1834.0,1086.0,0.0
-5620.0,-15292.0,-1952.0,798.0,1894.0,556.0,0.0
-5144.0,-14984.0,-2428.0,-548.0,418.0,2066.0,0.0
-6388.0,-14132.0,-2804.0,-725.0,-1186.0,1022.0,0.0
-7004.0,-14384.0,-3144.0,-872.0,-1440.0,-57.0,0.0
-6992.0,-14076.0,-3056.0,-1002.0,-2138.0,-363.0,0.0
-7384.0,-14188.0,-2972.0,-1511.0,-2019.0,-555.0,0.0
-7648.0,-13820.0,-3520.0,-1795.0,-2253.0,57.0,0.0
-8636.0,-13248.0,-4212.0,-1922.0,-947.0,-813.0,0.0
-8652.0,-13164.0,-4520.0,-1108.0,1517.0,-1577.0,0.0
-8116.0,-13420.0,-4020.0,-1029.0,2294.0,-936.0,0.0
-8716.0,-13620.0,-3292.0,792.0,-1053.0,1155.0,0.0
-9972.0,-13992.0,-2880.0,-495.0,242.0,-26.0,0.0
-8596.0,-13852.0,-3796.0,292.0,666.0,-2942.0,0.0
-7084.0,-13916.0,-4016.0,953.0,1572.0,-4525.0,0.0
-4036.0,-15320.0,-4300.0,515.0,2266.0,-4041.0,0.0
-3072.0,-13848.0,-3808.0,436.0,231.0,-1111.0,0.0
-3896.0,-13236.0,-3900.0,391.0,-1691.0,2673.0,0.0
-6348.0,-13932.0,-2960.0,938.0,-2165.0,4216.0,0.0
-7484.0,-13604.0,-3044.0,940.0,-1767.0,3474.0,0.0
-10176.0,-15484.0,-2876.0,67.0,-882.0,2246.0,0.0
-9740.0,-16104.0,-3100.0,-535.0,1022.0,-2162.0,0.0
-8104.0,-14792.0,-3480.0,-1152.0,1159.0,-3189.0,0.0
-6524.0,-14244.0,-3640.0,-1493.0,930.0,-2127.0,0.0
-5600.0,-12788.0,-3824.0,-952.0,219.0,-1201.0,0.0
-4904.0,-12316.0,-3564.0,24.0,83.0,-466.0,0.0
-4828.0,-12376.0,-3532.0,641.0,-56.0,1149.0,0.0
-5228.0,-13248.0,-2824.0,1505.0,-808.0,2830.0,0.0
-7568.0,-14512.0,-3192.0,1219.0,-1881.0,4436.0,0.0
-10836.0,-15956.0,-3368.0,538.0,-858.0,1754.0,0.0
-10112.0,-16252.0,-3152.0,-739.0,1516.0,-1891.0,0.0
-8180.0,-14832.0,-3664.0,-1169.0,1732.0,-2854.0,0.0
-7256.0,-13816.0,-3400.0,-1194.0,1997.0,-3072.0,0.0
-5880.0,-12504.0,-3268.0,-687.0,2762.0,-3083.0,0.0
-4372.0,-11844.0,-3136.0,607.0,2148.0,-1998.0,0.0
-2832.0,-12032.0,-3488.0,1025.0,1787.0,1078.0,0.0
-5128.0,-13872.0,-4152.0,1594.0,-2890.0,7383.0,0.0
-10112.0,-16348.0,-3684.0,1375.0,-2614.0,2547.0,0.0
-10232.0,-16924.0,-3724.0,-419.0,1398.0,-1612.0,0.0
-7248.0,-15944.0,-4232.0,-1315.0,1247.0,-3345.0,0.0
-6836.0,-14084.0,-3512.0,-1480.0,548.0,-2449.0,0.0
-5800.0,-12932.0,-2976.0,-1148.0,780.0,-2531.0,0.0
-4264.0,-11856.0,-3224.0,-436.0,418.0,-1587.0,0.0
-4192.0,-11640.0,-3728.0,580.0,-1456.0,1101.0,0.0
-5496.0,-13204.0,-3668.0,1624.0,-1870.0,3783.0,0.0
-7888.0,-14728.0,-3668.0,1098.0,-2156.0,3581.0,0.0
-9656.0,-16240.0,-3936.0,442.0,-976.0,2180.0,0.0
-10188.0,-16160.0,-3984.0,-823.0,811.0,-698.0,0.0
-8096.0,-15148.0,-4068.0,-1747.0,3204.0,-3419.0,0.0
-6708.0,-13292.0,-3368.0,-1060.0,5181.0,-5573.0,0.0
-4868.0,-13268.0,-4028.0,-1305.0,6305.0,-5844.0,0.0
-3648.0,-12456.0,-4248.0,-1112.0,5011.0,-5401.0,0.0
-3404.0,-13804.0,-4564.0,95.0,1599.0,-2379.0,0.0
-4056.0,-14616.0,-5276.0,1120.0,-2162.0,2211.0,0.0
-5220.0,-14960.0,-4952.0,2094.0,-3986.0,5608.0,0.0
-7328.0,-15732.0,-4048.0,1467.0,-4629.0,3134.0,0.0
-8132.0,-16656.0,-4152.0,-1036.0,850.0,-990.0,0.0
-5716.0,-15656.0,-4704.0,-892.0,1528.0,-3417.0,0.0
-4464.0,-14784.0,-3992.0,-721.0,287.0,-2580.0,0.0
-3944.0,-13544.0,-3884.0,-351.0,-1019.0,-251.0,0.0
-3884.0,-12552.0,-4036.0,288.0,-1958.0,2089.0,0.0
-4064.0,-12780.0,-4152.0,1358.0,-2735.0,4665.0,0.0
-6480.0,-14060.0,-3836.0,2014.0,-3232.0,6134.0,0.0
-8488.0,-15672.0,-3376.0,677.0,-1636.0,2918.0,0.0
-8968.0,-16196.0,-3956.0,-91.0,177.0,-42.0,0.0
-8248.0,-15608.0,-3892.0,-846.0,615.0,-2580.0,0.0
-7396.0,-14332.0,-3676.0,-1441.0,2504.0,-3623.0,0.0
-5976.0,-13808.0,-3096.0,-1292.0,4509.0,-5416.0,0.0
-4364.0,-12900.0,-3632.0,-830.0,2854.0,-3880.0,0.0
-2836.0,-12568.0,-4280.0,790.0,-168.0,1221.0,0.0
-4036.0,-12996.0,-4004.0,1995.0,-3823.0,5669.0,0.0
-7364.0,-15376.0,-3872.0,1277.0,-3182.0,3590.0,0.0
-8004.0,-16096.0,-4064.0,695.0,-827.0,536.0,0.0
-7516.0,-16648.0,-3816.0,-693.0,832.0,-1581.0,0.0
-6592.0,-15440.0,-4000.0,-1730.0,1646.0,-3132.0,0.0
-5792.0,-14016.0,-3464.0,-2680.0,3328.0,-6729.0,0.0
-3064.0,-13320.0,-4300.0,-1869.0,2382.0,-3092.0,0.0
-3888.0,-13064.0,-4384.0,-76.0,-88.0,1321.0,0.0
-5308.0,-13996.0,-4532.0,1201.0,-1634.0,3574.0,0.0
-7228.0,-15444.0,-4012.0,1043.0,-390.0,883.0,0.0
-6572.0,-15592.0,-4836.0,288.0,660.0,-638.0,0.0
-5748.0,-15416.0,-4420.0,314.0,464.0,-1589.0,0.0
-5020.0,-15024.0,-3768.0,-792.0,945.0,-2096.0,0.0
-3600.0,-13724.0,-3904.0,-474.0,-1013.0,424.0,0.0
-4820.0,-13408.0,-4396.0,876.0,-2959.0,3607.0,0.0
-7280.0,-14996.0,-4328.0,820.0,-780.0,1058.0,0.0
-6980.0,-15712.0,-4592.0,495.0,1635.0,-2021.0,0.0
-5464.0,-15468.0,-4492.0,346.0,1578.0,-2675.0,0.0
-3920.0,-14772.0,-3660.0,141.0,1861.0,-2418.0,0.0
-3440.0,-14992.0,-3920.0,-211.0,205.0,266.0,0.0
-4560.0,-13984.0,-4164.0,-165.0,-767.0,1059.0,0.0
-5660.0,-14260.0,-4268.0,-214.0,-458.0,814.0,0.0
-5256.0,-14832.0,-3988.0,264.0,40.0,-627.0,0.0
-4548.0,-15244.0,-4084.0,-319.0,-253.0,-716.0,0.0
-3632.0,-15928.0,-4940.0,-1729.0,-1705.0,-847.0,0.0
-6388.0,-16732.0,-3836.0,-3344.0,-35.0,-1275.0,1.0
-5248.0,-14744.0,-5324.0,-7528.0,5280.0,-5692.0,1.0
1768.0,-10916.0,-4536.0,-6506.0,4176.0,-1831.0,1.0
-2720.0,-16168.0,-9164.0,9906.0,-22117.0,23997.0,1.0
-21184.0,-19016.0,5636.0,-10311.0,10848.0,-11457.0,1.0
5924.0,-7432.0,-12776.0,-12134.0,12822.0,-9052.0,1.0
940.0,-10176.0,-9204.0,20828.0,-26643.0,23423.0,1.0
-21524.0,-23024.0,2984.0,-14499.0,16450.0,-12368.0,1.0
3712.0,-3364.0,-13268.0,-12117.0,9821.0,-5191.0,1.0
-3660.0,-11292.0,-6800.0,25719.0,-25687.0,12333.0,1.0
-14552.0,-25480.0,-720.0,-17999.0,17846.0,-7397.0,1.0
5292.0,-7040.0,-11376.0,-1485.0,396.0,-124.0,1.0
-11360.0,-4336.0,1676.0,12528.0,-23833.0,14488.0,1.0
-12508.0,-18284.0,-4748.0,-10313.0,17691.0,-10520.0,1.0
-424.0,-13204.0,-8464.0,-4226.0,9588.0,-6789.0,1.0
-220.0,-11684.0,-9084.0,7261.0,-9149.0,12700.0,1.0
-14996.0,-23272.0,-3952.0,-2420.0,3092.0,-3653.0,1.0
2580.0,-9204.0,-11164.0,-3171.0,3462.0,-3228.0,1.0
-5092.0,-9208.0,-5084.0,15339.0,-15897.0,11276.0,1.0
-14328.0,-23144.0,-1292.0,-9484.0,5546.0,-2672.0,1.0
652.0,-10236.0,-10420.0,-1098.0,2544.0,-2778.0,1.0
-6980.0,-13312.0,-3372.0,11286.0,-14307.0,8812.0,1.0
-13188.0,-19060.0,-2160.0,-5791.0,10011.0,-10068.0,1.0
3152.0,-10856.0,-10608.0,885.0,2398.0,-3233.0,1.0
-4456.0,-5164.0,-1944.0,17020.0,-14833.0,-2492.0,1.0
-11520.0,-25144.0,-1388.0,-4394.0,6074.0,-3954.0,1.0
-6896.0,-18656.0,-2580.0,-7336.0,16031.0,12155.0,1.0
328.0,-8292.0,-8056.0,635.0,-1425.0,3966.0,1.0
-3436.0,-12988.0,-4484.0,10866.0,-18157.0,-12305.0,1.0
-11212.0,-21304.0,-936.0,-6470.0,7292.0,8796.0,1.0
-4232.0,-10824.0,-5232.0,-3754.0,7294.0,2297.0,1.0
-4752.0,-12964.0,-3944.0,1244.0,-4548.0,-5384.0,1.0
-3852.0,-14848.0,-6168.0,-6635.0,4733.0,-1249.0,1.0
-4460.0,-11296.0,-7644.0,6196.0,-8415.0,8177.0,1.0
-11452.0,-17108.0,-268.0,1278.0,143.0,-3601.0,1.0
-3208.0,-13988.0,-6072.0,-5706.0,5709.0,-4625.0,1.0
-2672.0,-13144.0,-7644.0,6254.0,-7688.0,3225.0,1.0
-9932.0,-16900.0,-224.0,6719.0,-3335.0,-8121.0,1.0
-3440.0,-13932.0,-3636.0,-5540.0,4460.0,-3359.0,1.0
-2532.0,-14212.0,-4520.0,3639.0,-6237.0,5860.0,1.0
-9760.0,-17040.0,-1532.0,1314.0,-1811.0,-1132.0,1.0
-3148.0,-14308.0,-4332.0,-3877.0,4694.0,-2141.0,1.0
-2792.0,-13304.0,-3096.0,5110.0,-7331.0,4786.0,1.0
-10828.0,-19188.0,168.0,-1910.0,4494.0,-3063.0,1.0
-1512.0,-12572.0,-5736.0,-3261.0,5182.0,-3111.0,1.0
-3068.0,-13916.0,-3260.0,5062.0,-8219.0,6592.0,1.0
-9632.0,-17256.0,-1020.0,-2862.0,3116.0,-1377.0,1.0
-2076.0,-13788.0,-5760.0,-2335.0,3859.0,-1622.0,1.0
-4276.0,-13120.0,-2828.0,5571.0,-9252.0,3691.0,1.0
-9524.0,-18548.0,-1664.0,-4843.0,6731.0,-3380.0,1.0
-1632.0,-12668.0,-7160.0,-592.0,2197.0,-1329.0,1.0
-6088.0,-13144.0,-1568.0,5333.0,-8350.0,4746.0,1.0
-8712.0,-18156.0,-2116.0,-5860.0,6852.0,-2774.0,1.0
-980.0,-13124.0,-6712.0,579.0,-680.0,-494.0,1.0
-6956.0,-14720.0,-1424.0,4228.0,-9664.0,4140.0,1.0
-8168.0,-17528.0,-3304.0,-6815.0,8788.0,-2873.0,1.0
152.0,-13788.0,-7492.0,1834.0,-4030.0,1871.0,1.0
-8104.0,-11244.0,1948.0,5230.0,-8650.0,2383.0,1.0
-8536.0,-16292.0,-2440.0,-7256.0,9172.0,601.0,1.0
-2184.0,-13920.0,-6504.0,907.0,2868.0,-8205.0,1.0
-3616.0,-13524.0,-2544.0,5647.0,-8620.0,6080.0,1.0
-10252.0,-17252.0,-212.0,-2256.0,3811.0,-1349.0,1.0
-3384.0,-13432.0,-6840.0,-3054.0,2803.0,-1863.0,1.0
-3304.0,-13484.0,-3344.0,6534.0,-8808.0,1919.0,1.0
-13376.0,-22028.0,916.0,-6495.0,9825.0,-1986.0,1.0
608.0,-9348.0,-6676.0,-3584.0,8323.0,-2883.0,1.0
-2724.0,-13248.0,-4432.0,12080.0,-16215.0,4861.0,1.0
-12748.0,-19192.0,1736.0,-3130.0,6573.0,-1331.0,1.0
-2732.0,-11688.0,-6016.0,-3661.0,6740.0,-4791.0,1.0
-1452.0,-13884.0,-3988.0,6767.0,-11595.0,4471.0,1.0
-12684.0,-19412.0,2044.0,-3430.0,7310.0,-2464.0,1.0
-1396.0,-11036.0,-7160.0,-5452.0,8660.0,-2664.0,1.0
-2240.0,-13092.0,-4392.0,7797.0,-13214.0,4810.0,1.0
-13112.0,-19460.0,2028.0,-2086.0,5724.0,-2960.0,1.0
-892.0,-11608.0,-6632.0,-3829.0,7180.0,-2674.0,1.0
-3632.0,-13316.0,-3864.0,7784.0,-11996.0,3290.0,1.0
-11680.0,-19856.0,592.0,-3263.0,8034.0,-4592.0,1.0
-768.0,-12768.0,-6004.0,-5220.0,6256.0,210.0,1.0
-3732.0,-12780.0,-3364.0,8677.0,-14283.0,3777.0,1.0
-11996.0,-20584.0,408.0,-4485.0,8997.0,-3227.0,1.0
-824.0,-10856.0,-6876.0,-3689.0,6571.0,-1556.0,1.0
-3060.0,-13440.0,-4160.0,8958.0,-14111.0,2202.0,1.0
-12524.0,-20288.0,1848.0,-2491.0,6527.0,-1432.0,1.0
-1308.0,-11560.0,-6652.0,-4318.0,7746.0,-427.0,1.0
-2052.0,-13632.0,-3924.0,8628.0,-14575.0,1238.0,1.0
-12224.0,-21092.0,2188.0,-3067.0,6783.0,-2532.0,1.0
-3328.0,-10916.0,-4924.0,-5447.0,9250.0,-866.0,1.0
-2120.0,-13216.0,-4308.0,8262.0,-14141.0,2780.0,1.0
-14304.0,-19220.0,3616.0,-1982.0,6854.0,-3087.0,1.0
-1924.0,-10708.0,-6008.0,-6685.0,11119.0,-2416.0,1.0
-380.0,-13500.0,-4724.0,10069.0,-15249.0,3389.0,1.0
-13652.0,-21200.0,4956.0,2981.0,2149.0,-6304.0,1.0
-3236.0,-11692.0,-4628.0,-12407.0,18485.0,-648.0,1.0
292.0,-13856.0,-6260.0,5963.0,-8772.0,-293.0,1.0
-7388.0,-14484.0,2532.0,7987.0,-11918.0,432.0,1.0
-8964.0,-19380.0,-824.0,-9188.0,12266.0,-256.0,1.0
252.0,-11632.0,-6088.0,-1986.0,3150.0,-2730.0,1.0
-2292.0,-12968.0,-2916.0,9846.0,-16933.0,2979.0,1.0
-11496.0,-20624.0,3720.0,170.0,5851.0,-1099.0,1.0
-5736.0,-12656.0,-2472.0,-9757.0,14741.0,129.0,1.0
-600.0,-13964.0,-5856.0,1966.0,-3748.0,-691.0,1.0
-6104.0,-14568.0,-2068.0,6786.0,-11372.0,-1389.0,1.0
-8632.0,-16000.0,148.0,-283.0,-1101.0,1099.0,1.0
-6048.0,-16288.0,-2640.0,-4663.0,7270.0,-6160.0,1.0
-2168.0,-14380.0,-3612.0,-1690.0,3076.0,-4076.0,1.0
-2624.0,-15764.0,-2820.0,421.0,-1931.0,-925.0,1.0
-4172.0,-14512.0,-2776.0,413.0,-2238.0,1838.0,1.0
-4748.0,-15212.0,-3124.0,125.0,-765.0,2467.0,1.0
-5496.0,-14768.0,-1652.0,171.0,-412.0,472.0,1.0
-5564.0,-15944.0,-2620.0,-1457.0,2703.0,-2782.0,1.0
-2924.0,-14920.0,-2988.0,-1707.0,3419.0,-3979.0,1.0
-524.0,-15616.0,-4860.0,526.0,-4067.0,4138.0,0.0
-4564.0,-11640.0,-1388.0,5498.0,-14186.0,13496.0,0.0
-11300.0,-20652.0,-604.0,-3052.0,6288.0,-1881.0,0.0
-3264.0,-13156.0,-3608.0,-3714.0,7593.0,-4759.0,0.0
-3876.0,-15284.0,-3496.0,2217.0,-3178.0,-1311.0,0.0
-5480.0,-15660.0,-2528.0,370.0,-1436.0,1425.0,0.0
-5040.0,-14744.0,-2656.0,-68.0,-349.0,-540.0,0.0
-4384.0,-14784.0,-2380.0,212.0,-939.0,-611.0,0.0
-4476.0,-15068.0,-2600.0,-317.0,-1218.0,899.0,0.0
-5132.0,-14648.0,-2856.0,225.0,-730.0,438.0,0.0
-5004.0,-15164.0,-3064.0,-211.0,-721.0,216.0,0.0
-5128.0,-15480.0,-2712.0,-231.0,-1474.0,193.0,0.0
-5220.0,-15020.0,-2632.0,-765.0,-100.0,966.0,0.0
-5300.0,-14964.0,-2720.0,-361.0,-972.0,221.0,0.0
-5504.0,-15048.0,-2764.0,-578.0,46.0,368.0,0.0
-5400.0,-14868.0,-2272.0,-167.0,-159.0,-139.0,0.0
-5112.0,-14848.0,-2612.0,-331.0,-511.0,453.0,0.0
-5884.0,-14408.0,-2572.0,-54.0,-361.0,682.0,0.0
-5392.0,-14712.0,-2796.0,13.0,32.0,-280.0,0.0
-5220.0,-15100.0,-2536.0,211.0,-560.0,126.0,0.0
-5480.0,-15156.0,-2508.0,43.0,-384.0,107.0,0.0
-5800.0,-15056.0,-2516.0,-60.0,-153.0,-109.0,0.0
-5528.0,-14800.0,-2720.0,-284.0,-34.0,4.0,0.0
-5592.0,-14924.0,-2188.0,-188.0,178.0,-111.0,0.0
-5344.0,-14892.0,-2428.0,-278.0,-262.0,-183.0,0.0
-5372.0,-14436.0,-2612.0,-252.0,-236.0,-160.0,0.0
-5404.0,-14908.0,-2688.0,-93.0,-276.0,771.0,0.0
-6020.0,-14764.0,-2584.0,146.0,-677.0,368.0,0.0
-6184.0,-15212.0,-2372.0,-342.0,508.0,-296.0,0.0
-5688.0,-14896.0,-2692.0,-71.0,441.0,-1128.0,0.0
-5384.0,-14816.0,-2448.0,-680.0,995.0,-1210.0,0.0
-5176.0,-14464.0,-2204.0,-48.0,2042.0,-2097.0,0.0
-3664.0,-14488.0,-2800.0,-130.0,1509.0,-332.0,0.0
-3536.0,-15164.0,-2176.0,627.0,-2221.0,3131.0,0.0
-6204.0,-15264.0,-2148.0,-77.0,-4590.0,4518.0,0.0
-8516.0,-15640.0,-3468.0,-870.0,-1160.0,1146.0,0.0
-7588.0,-15636.0,-3336.0,-526.0,1647.0,-2857.0,0.0
-5836.0,-15260.0,-2948.0,-1070.0,1646.0,-2441.0,0.0
-5392.0,-14832.0,-2500.0,-1337.0,1291.0,-3069.0,0.0
-4076.0,-14032.0,-2832.0,-1109.0,733.0,-3131.0,0.0
-2936.0,-13768.0,-2520.0,-253.0,-821.0,-2754.0,0.0
-2872.0,-13816.0,-2516.0,-180.0,-2510.0,-552.0,0.0
-3920.0,-14256.0,-3072.0,-29.0,-4112.0,2103.0,0.0
-6700.0,-14476.0,-3668.0,155.0,-4481.0,3386.0,0.0
-9592.0,-15736.0,-2900.0,1388.0,1610.0,4733.0,0.0
-9916.0,-15792.0,-3148.0,3739.0,8699.0,6475.0,0.0
-6604.0,-15132.0,-3048.0,2244.0,6319.0,-3002.0,0.0
-4684.0,-16288.0,-2164.0,708.0,3962.0,-1439.0,0.0
-3992.0,-14792.0,-1992.0,122.0,2194.0,-1791.0,0.0
-3580.0,-14572.0,-1948.0,-198.0,-140.0,-1220.0,0.0
-3768.0,-14048.0,-2156.0,-949.0,824.0,1540.0,0.0
-3756.0,-14032.0,-2640.0,-356.0,-1738.0,3187.0,0.0
-5320.0,-15404.0,-2512.0,-591.0,-5072.0,1356.0,0.0
-5868.0,-15388.0,-3156.0,-2390.0,-6182.0,291.0,0.0
-7436.0,-15516.0,-2828.0,-1897.0,-6086.0,-2093.0,0.0
-7052.0,-15216.0,-2780.0,-2375.0,-3840.0,-2307.0,0.0
-6632.0,-14648.0,-3216.0,-2472.0,-2398.0,-2881.0,0.0
-6384.0,-13920.0,-2796.0,-2187.0,-707.0,-2432.0,0.0
-6352.0,-13584.0,-3816.0,-2158.0,-1135.0,86.0,0.0
-7196.0,-13000.0,-3928.0,-23.0,-594.0,1919.0,0.0
-7820.0,-14280.0,-3356.0,355.0,1483.0,3469.0,0.0
-7996.0,-14092.0,-3660.0,989.0,4028.0,4317.0,0.0
-6836.0,-15408.0,-4312.0,1000.0,4282.0,1771.0,0.0
-6472.0,-15104.0,-4096.0,924.0,4989.0,2096.0,0.0
-6468.0,-15848.0,-4160.0,-921.0,5530.0,370.0,0.0
-5240.0,-13916.0,-3412.0,-352.0,4633.0,-3113.0,0.0
-5220.0,-14144.0,-3624.0,-864.0,4863.0,-608.0,0.0
-3788.0,-13584.0,-4084.0,-89.0,4076.0,1703.0,0.0
-3512.0,-13840.0,-4052.0,945.0,-1081.0,2363.0,0.0
-4968.0,-14272.0,-3752.0,844.0,-5879.0,1425.0,0.0
-5308.0,-14808.0,-4752.0,478.0,-10595.0,-3683.0,0.0
-6808.0,-14256.0,-3136.0,1402.0,-10355.0,-5864.0,0.0
-7856.0,-16444.0,-2912.0,-1004.0,-6766.0,-6375.0,0.0
-7960.0,-15704.0,-3036.0,-1596.0,-1654.0,-6705.0,0.0
-6436.0,-14944.0,-3420.0,-3461.0,2433.0,-6922.0,0.0
-5820.0,-15136.0,-3652.0,-3874.0,6443.0,-4720.0,0.0
-5036.0,-15176.0,-3312.0,-2999.0,12920.0,5062.0,0.0
-2712.0,-14460.0,-4976.0,-1700.0,10619.0,8825.0,0.0
-2288.0,-14724.0,-4700.0,-979.0,4733.0,10872.0,0.0
-3516.0,-14756.0,-4824.0,225.0,-1515.0,11745.0,0.0
-5596.0,-14308.0,-4984.0,1666.0,-5173.0,5760.0,0.0
-4760.0,-13252.0,-7664.0,-659.0,-8668.0,-482.0,0.0
-8432.0,-14212.0,-3116.0,1931.0,-12636.0,-8976.0,0.0
-6104.0,-14696.0,-3524.0,754.0,-8832.0,-10220.0,0.0
-5888.0,-16028.0,-1224.0,-1169.0,-3688.0,-11898.0,0.0
-4972.0,-15560.0,-2356.0,-3906.0,-3931.0,-5653.0,0.0
-3720.0,-14264.0,-3460.0,-3113.0,-2571.0,-2953.0,0.0
-5836.0,-13900.0,-4504.0,-829.0,-1431.0,1476.0,0.0
-6908.0,-15288.0,-3844.0,223.0,282.0,5545.0,0.0
-7556.0,-15116.0,-3544.0,2523.0,6675.0,5986.0,0.0
-6396.0,-14640.0,-4348.0,843.0,7526.0,5345.0,0.0
-6236.0,-15560.0,-4412.0,547.0,9691.0,5030.0,0.0
-5544.0,-14780.0,-4040.0,-128.0,7534.0,2042.0,0.0
-5416.0,-15352.0,-4216.0,-2363.0,6692.0,2730.0,0.0
-5268.0,-14980.0,-4176.0,-4098.0,5305.0,790.0,0.0
-4400.0,-12284.0,-5880.0,-4425.0,3438.0,545.0,0.0
-3764.0,-13712.0,-6044.0,-1135.0,1088.0,1587.0,0.0
-4288.0,-12976.0,-5960.0,-910.0,-1025.0,5137.0,0.0
-5264.0,-14032.0,-6072.0,124.0,-4935.0,3099.0,0.0
-6768.0,-13036.0,-6652.0,-888.0,-7436.0,-366.0,0.0
-7028.0,-13308.0,-6220.0,699.0,-8463.0,-4392.0,0.0
-7168.0,-14412.0,-5312.0,397.0,-9135.0,-7443.0,0.0
-7288.0,-14900.0,-4540.0,-2344.0,-6238.0,-5530.0,0.0
-7648.0,-14892.0,-4724.0,-2683.0,-3595.0,-5508.0,0.0
-6376.0,-13748.0,-5016.0,-2408.0,-1581.0,-5164.0,0.0
-5112.0,-14052.0,-5312.0,-1717.0,-503.0,-5837.0,0.0
-5680.0,-14724.0,-5508.0,-1331.0,-2571.0,-69.0,0.0
-6712.0,-14224.0,-5460.0,476.0,-2071.0,3557.0,0.0
-8144.0,-13968.0,-5296.0,1039.0,4320.0,5778.0,0.0
-7308.0,-13756.0,-5964.0,2246.0,6793.0,6015.0,0.0
-6656.0,-15280.0,-5620.0,2344.0,6602.0,4079.0,0.0
-6476.0,-14412.0,-5248.0,2335.0,6307.0,4346.0,0.0
-6128.0,-14504.0,-5540.0,1118.0,4843.0,3054.0,0.0
-5344.0,-14304.0,-4772.0,228.0,5468.0,-1155.0,0.0
-4856.0,-13888.0,-4788.0,-996.0,3299.0,-927.0,0.0
-4280.0,-13896.0,-5624.0,-1639.0,1391.0,687.0,0.0
-4460.0,-12992.0,-5968.0,-250.0,-1979.0,2296.0,0.0
-4740.0,-13644.0,-5416.0,137.0,-5982.0,2648.0,0.0
-5768.0,-13092.0,-5996.0,-1138.0,-8385.0,-1231.0,0.0
-7472.0,-14080.0,-5080.0,-720.0,-9795.0,-3923.0,0.0
-7912.0,-14668.0,-5480.0,-1874.0,-5673.0,-4956.0,0.0
-7880.0,-14676.0,-5140.0,-1986.0,-4080.0,-5284.0,0.0
-7176.0,-14744.0,-5424.0,-2525.0,-1597.0,-5989.0,0.0
-6560.0,-14780.0,-5544.0,-3294.0,116.0,-5882.0,0.0
-5308.0,-13356.0,-6000.0,-2671.0,621.0,-3528.0,0.0
-4908.0,-12928.0,-6308.0,-336.0,-688.0,145.0,0.0
-6136.0,-12976.0,-5588.0,1522.0,-959.0,3694.0,0.0
-7380.0,-14476.0,-5396.0,2765.0,1810.0,4909.0,0.0
-7736.0,-14736.0,-6052.0,2831.0,4684.0,9018.0,0.0
-7300.0,-14844.0,-6136.0,3363.0,6664.0,5708.0,0.0
-5980.0,-14220.0,-5548.0,2177.0,5780.0,3096.0,0.0
-5480.0,-14284.0,-5480.0,1256.0,7051.0,-423.0,0.0
-5100.0,-14552.0,-4912.0,-247.0,4276.0,-2657.0,0.0
-4544.0,-14116.0,-5636.0,-1070.0,2900.0,-465.0,0.0
-5584.0,-13644.0,-5656.0,-192.0,-1638.0,-336.0,0.0
-6520.0,-14316.0,-6016.0,-1575.0,-1528.0,-1719.0,0.0
-6252.0,-14100.0,-6508.0,-3084.0,-752.0,-5984.0,0.0
-5232.0,-13604.0,-6224.0,-4840.0,3211.0,-9946.0,1.0
-1332.0,-13448.0,-6728.0,-3566.0,3453.0,-5889.0,1.0
-980.0,-15400.0,-10608.0,3444.0,-9115.0,10266.0,1.0
-8776.0,-7868.0,-4132.0,13325.0,-18802.0,20668.0,1.0
-14340.0,-20112.0,304.0,-2851.0,10891.0,-12883.0,1.0
-3028.0,-14828.0,-7692.0,-10074.0,17451.0,-18578.0,1.0
3800.0,-13816.0,-12616.0,-395.0,-3879.0,3930.0,1.0
-3920.0,-7288.0,-5268.0,19130.0,-26595.0,30384.0,1.0
-16916.0,-22844.0,3500.0,-9195.0,16254.0,-22562.0,1.0
1236.0,-8768.0,-9288.0,-15622.0,12958.0,-10197.0,1.0
2700.0,-13448.0,-13272.0,12980.0,-14076.0,14801.0,1.0
-12228.0,-7956.0,6976.0,16706.0,-15796.0,-2381.0,1.0
-7268.0,-22400.0,-3296.0,-21723.0,25261.0,-13952.0,1.0
7572.0,-7208.0,-12744.0,1668.0,-2018.0,-8846.0,1.0
-600.0,-9216.0,-8304.0,32405.0,-31134.0,31135.0,1.0
-21224.0,-32768.0,9408.0,-11513.0,19689.0,-17554.0,1.0
3716.0,-5808.0,-10828.0,-15005.0,15589.0,-7860.0,1.0
2448.0,-11320.0,-9432.0,19769.0,-22874.0,18951.0,1.0
-17660.0,-19068.0,5712.0,-8819.0,7570.0,-11441.0,1.0
2624.0,-7476.0,-10120.0,-11435.0,11246.0,-3954.0,1.0
-796.0,-11884.0,-6828.0,21341.0,-24717.0,15973.0,1.0
-18484.0,-27996.0,8168.0,-14964.0,19349.0,-15666.0,1.0
4952.0,-2760.0,-13084.0,-11428.0,10106.0,-4814.0,1.0
-1372.0,-11384.0,-4980.0,26040.0,-28695.0,20030.0,1.0
-17524.0,-30712.0,4052.0,-19226.0,19460.0,-10136.0,1.0
4924.0,-1504.0,-12180.0,-2225.0,3167.0,-4925.0,1.0
-7716.0,-7960.0,2820.0,21802.0,-21590.0,4699.0,1.0
-11976.0,-22400.0,620.0,-15419.0,14204.0,2633.0,1.0
4792.0,-8156.0,-7500.0,17008.0,-4506.0,-26068.0,1.0
-6236.0,-12980.0,5196.0,-8457.0,-8305.0,13452.0,1.0
-6128.0,-23052.0,-6408.0,-11541.0,12477.0,-8425.0,1.0
6060.0,-12264.0,-10752.0,4185.0,-7432.0,8045.0,1.0
-10568.0,-11224.0,3820.0,7789.0,-15555.0,11561.0,1.0
-6012.0,-17244.0,-7152.0,-15844.0,13658.0,-453.0,1.0
2872.0,-11692.0,-7856.0,11022.0,-7600.0,-5519.0,1.0
-11716.0,-20636.0,7104.0,7884.0,-6843.0,-2067.0,1.0
-2004.0,-11800.0,-4560.0,-15323.0,11197.0,2615.0,1.0
2948.0,-15708.0,-7836.0,8852.0,-10273.0,-6145.0,1.0
-11100.0,-14264.0,4408.0,4270.0,-4370.0,4407.0,1.0
-3540.0,-15748.0,-4548.0,-12525.0,12074.0,-2731.0,1.0
2592.0,-14468.0,-7776.0,5299.0,-6773.0,1425.0,1.0
-10332.0,-13568.0,4708.0,4480.0,-8771.0,4110.0,1.0
-3692.0,-15728.0,-5656.0,-15302.0,12329.0,-2677.0,1.0
2792.0,-13752.0,-9092.0,8401.0,-8219.0,1542.0,1.0
-11404.0,-15820.0,7288.0,4072.0,-5600.0,5121.0,1.0
-4076.0,-16908.0,-6564.0,-14494.0,10776.0,-4075.0,1.0
3052.0,-11976.0,-9420.0,7889.0,-7865.0,1720.0,1.0
-7144.0,-9816.0,3672.0,10322.0,-13826.0,5011.0,1.0
-8788.0,-27816.0,-2004.0,-18379.0,15257.0,-2651.0,1.0
4376.0,-8592.0,-9572.0,-587.0,447.0,-3033.0,1.0
-6588.0,-12560.0,-1236.0,13880.0,-17714.0,6598.0,1.0
-8356.0,-22788.0,-2036.0,-15544.0,13141.0,375.0,1.0
1904.0,-8580.0,-9012.0,3326.0,-2514.0,-3283.0,1.0
-6780.0,-12756.0,-324.0,14234.0,-10883.0,7700.0,1.0
-10552.0,-21696.0,64.0,-17278.0,17471.0,-1245.0,1.0
3960.0,-9116.0,-10696.0,603.0,-944.0,-2532.0,1.0
-4452.0,-11320.0,112.0,17016.0,-17585.0,5735.0,1.0
-11240.0,-22348.0,-2248.0,-14891.0,18303.0,-1435.0,1.0
3204.0,-9092.0,-10108.0,6512.0,-3178.0,-3538.0,1.0
-5636.0,-14808.0,-1852.0,14397.0,-19098.0,8758.0,1.0
-10900.0,-21724.0,-260.0,-11372.0,16308.0,-1624.0,1.0
1856.0,-8988.0,-7236.0,1579.0,2904.0,-4910.0,1.0
-2548.0,-13980.0,-3164.0,10105.0,-17411.0,6097.0,1.0
-14440.0,-24460.0,1548.0,-5831.0,10501.0,-3853.0,1.0
-1028.0,-9864.0,-3648.0,-11866.0,14600.0,-6043.0,1.0
3604.0,-13040.0,-8128.0,5149.0,-8434.0,153.0,1.0
-6612.0,-14184.0,1320.0,11931.0,-14467.0,19603.0,1.0
-12692.0,-20436.0,1944.0,-6379.0,11160.0,-6233.0,1.0
-568.0,-10748.0,-5196.0,-4326.0,5224.0,-5454.0,1.0
-1832.0,-14508.0,-5480.0,9972.0,-14594.0,8149.0,1.0
-13252.0,-16752.0,6296.0,223.0,-1210.0,-1870.0,1.0
-5996.0,-16016.0,-4180.0,-12395.0,13195.0,-5927.0,1.0
1444.0,-14432.0,-8820.0,2639.0,-2354.0,-2229.0,1.0
-5596.0,-10992.0,856.0,9021.0,-16152.0,14919.0,1.0
-13588.0,-21024.0,456.0,-9764.0,15152.0,-11661.0,0.0
3088.0,-10084.0,-8268.0,-5823.0,10747.0,-7585.0,0.0
1096.0,-11388.0,-5440.0,20452.0,-25589.0,17460.0,0.0
-20812.0,-24480.0,10352.0,-7622.0,14424.0,-6303.0,0.0
1824.0,-5548.0,-10956.0,-771.0,2674.0,-4536.0,0.0
-6252.0,-19232.0,4288.0,6599.0,-7614.0,8032.0,0.0
-10392.0,-15860.0,700.0,-8047.0,11658.0,-5958.0,0.0
2132.0,-12176.0,-8308.0,533.0,-564.0,-2057.0,0.0
-5316.0,-15232.0,1644.0,5930.0,-10783.0,11123.0,0.0
-9588.0,-15728.0,-2416.0,-5398.0,1107.0,1362.0,0.0
-5612.0,-13780.0,-2464.0,-704.0,1901.0,-6727.0,0.0
-4272.0,-16176.0,-2740.0,-2187.0,285.0,-1292.0,0.0
-6308.0,-15084.0,-1360.0,-502.0,-2427.0,2982.0,0.0
-8428.0,-15288.0,-1908.0,-2283.0,1045.0,-1561.0,0.0
-4428.0,-14452.0,-3216.0,-8366.0,10197.0,-5195.0,0.0
-1248.0,-13004.0,-5828.0,159.0,-1006.0,2053.0,0.0
-4024.0,-15056.0,-2908.0,4420.0,-7391.0,9841.0,0.0
-5528.0,-14376.0,-2148.0,-964.0,-6477.0,7464.0,0.0
-6344.0,-14116.0,-3236.0,-4046.0,-8051.0,-1024.0,0.0
-8996.0,-14004.0,-3356.0,-6889.0,-9285.0,-2656.0,0.0
-10952.0,-13196.0,-3340.0,-5596.0,-1238.0,-915.0,0.0
-10376.0,-12996.0,-4312.0,2455.0,3612.0,5115.0,0.0
-9964.0,-14096.0,-3400.0,2937.0,9386.0,5399.0,0.0
-7760.0,-12988.0,-2888.0,2587.0,10889.0,3016.0,0.0
-6428.0,-14656.0,-3004.0,2465.0,8931.0,3790.0,0.0
-4016.0,-13160.0,-4412.0,-1420.0,4335.0,8644.0,0.0
-5536.0,-12724.0,-4196.0,321.0,-4499.0,5676.0,0.0
-7424.0,-13528.0,-3524.0,-4812.0,-11383.0,-9168.0,0.0
-10044.0,-13476.0,-3476.0,-5122.0,-10129.0,-11594.0,0.0
-9340.0,-13752.0,-4780.0,-5324.0,-6376.0,-6771.0,0.0
-10144.0,-12540.0,-4332.0,-1245.0,-4877.0,-1429.0,0.0
-12532.0,-13032.0,-2880.0,3870.0,6196.0,6515.0,0.0
